INSERT INTO Account (user_id, name, age) VALUES ('h1671223618.170495', 'H Toze','30');
INSERT INTO Audit (audit_id,audit_description, audit_path, audit_timestamp) VALUES ('1671223618.170519','Account Created', 'Audit/_Account_Log',now());
INSERT INTO Account_Log (audit_id,user_id) VALUES ('1671223618.170519','h1671223618.170495');
INSERT INTO Account (user_id, name, age) VALUES ('karin1671223618.170526', 'Karin Betsc','18');
INSERT INTO Audit (audit_id,audit_description, audit_path, audit_timestamp) VALUES ('1671223618.17053','Account Created', 'Audit/_Account_Log',now());
INSERT INTO Account_Log (audit_id,user_id) VALUES ('1671223618.17053','karin1671223618.170526');
INSERT INTO Account (user_id, name, age) VALUES ('dal1671223618.170537', 'Dal Bramle','27');
INSERT INTO Audit (audit_id,audit_description, audit_path, audit_timestamp) VALUES ('1671223618.17054','Account Created', 'Audit/_Account_Log',now());
INSERT INTO Account_Log (audit_id,user_id) VALUES ('1671223618.17054','dal1671223618.170537');
INSERT INTO Account (user_id, name, age) VALUES ('ut1671223618.170547', 'Ut Doin','26');
INSERT INTO Audit (audit_id,audit_description, audit_path, audit_timestamp) VALUES ('1671223618.170551','Account Created', 'Audit/_Account_Log',now());
INSERT INTO Account_Log (audit_id,user_id) VALUES ('1671223618.170551','ut1671223618.170547');
INSERT INTO Account (user_id, name, age) VALUES ('elenor1671223618.170556', 'Elenor Ar','22');
INSERT INTO Audit (audit_id,audit_description, audit_path, audit_timestamp) VALUES ('1671223618.170559','Account Created', 'Audit/_Account_Log',now());
INSERT INTO Account_Log (audit_id,user_id) VALUES ('1671223618.170559','elenor1671223618.170556');
INSERT INTO Account (user_id, name, age) VALUES ('daci1671223618.170564', 'Daci Vente','29');
INSERT INTO Audit (audit_id,audit_description, audit_path, audit_timestamp) VALUES ('1671223618.170567','Account Created', 'Audit/_Account_Log',now());
INSERT INTO Account_Log (audit_id,user_id) VALUES ('1671223618.170567','daci1671223618.170564');
INSERT INTO Account (user_id, name, age) VALUES ('vest1671223618.170572', 'Vest Beha','23');
INSERT INTO Audit (audit_id,audit_description, audit_path, audit_timestamp) VALUES ('1671223618.170575','Account Created', 'Audit/_Account_Log',now());
INSERT INTO Account_Log (audit_id,user_id) VALUES ('1671223618.170575','vest1671223618.170572');
INSERT INTO Account (user_id, name, age) VALUES ('delme1671223618.170581', 'Delme Oubr','29');
INSERT INTO Audit (audit_id,audit_description, audit_path, audit_timestamp) VALUES ('1671223618.170584','Account Created', 'Audit/_Account_Log',now());
INSERT INTO Account_Log (audit_id,user_id) VALUES ('1671223618.170584','delme1671223618.170581');
INSERT INTO Account (user_id, name, age) VALUES ('lauren1671223618.170591', 'Lauren Deah','26');
INSERT INTO Audit (audit_id,audit_description, audit_path, audit_timestamp) VALUES ('1671223618.170594','Account Created', 'Audit/_Account_Log',now());
INSERT INTO Account_Log (audit_id,user_id) VALUES ('1671223618.170594','lauren1671223618.170591');
INSERT INTO Account (user_id, name, age) VALUES ('kin1671223618.170603', 'Kin Toli','27');
INSERT INTO Audit (audit_id,audit_description, audit_path, audit_timestamp) VALUES ('1671223618.170606','Account Created', 'Audit/_Account_Log',now());
INSERT INTO Account_Log (audit_id,user_id) VALUES ('1671223618.170606','kin1671223618.170603');
INSERT INTO Account (user_id, name, age) VALUES ('buff1671223618.170613', 'Buff Hime','28');
INSERT INTO Audit (audit_id,audit_description, audit_path, audit_timestamp) VALUES ('1671223618.170616','Account Created', 'Audit/_Account_Log',now());
INSERT INTO Account_Log (audit_id,user_id) VALUES ('1671223618.170616','buff1671223618.170613');
INSERT INTO Account (user_id, name, age) VALUES ('gaylor1671223618.170622', 'Gaylor Blunkal','19');
INSERT INTO Audit (audit_id,audit_description, audit_path, audit_timestamp) VALUES ('1671223618.170625','Account Created', 'Audit/_Account_Log',now());
INSERT INTO Account_Log (audit_id,user_id) VALUES ('1671223618.170625','gaylor1671223618.170622');
INSERT INTO Account (user_id, name, age) VALUES ('candac1671223618.170631', 'Candac Casho','27');
INSERT INTO Audit (audit_id,audit_description, audit_path, audit_timestamp) VALUES ('1671223618.170634','Account Created', 'Audit/_Account_Log',now());
INSERT INTO Account_Log (audit_id,user_id) VALUES ('1671223618.170634','candac1671223618.170631');
INSERT INTO Account (user_id, name, age) VALUES ('dodi1671223618.170639', 'Dodi Be','30');
INSERT INTO Audit (audit_id,audit_description, audit_path, audit_timestamp) VALUES ('1671223618.170642','Account Created', 'Audit/_Account_Log',now());
INSERT INTO Account_Log (audit_id,user_id) VALUES ('1671223618.170642','dodi1671223618.170639');
INSERT INTO Account (user_id, name, age) VALUES ('earlee1671223618.170647', 'Earlee Schmiesin','24');
INSERT INTO Audit (audit_id,audit_description, audit_path, audit_timestamp) VALUES ('1671223618.17065','Account Created', 'Audit/_Account_Log',now());
INSERT INTO Account_Log (audit_id,user_id) VALUES ('1671223618.17065','earlee1671223618.170647');
INSERT INTO Account (user_id, name, age) VALUES ('mont1671223618.170655', 'Mont Surle','18');
INSERT INTO Audit (audit_id,audit_description, audit_path, audit_timestamp) VALUES ('1671223618.170658','Account Created', 'Audit/_Account_Log',now());
INSERT INTO Account_Log (audit_id,user_id) VALUES ('1671223618.170658','mont1671223618.170655');
INSERT INTO Account (user_id, name, age) VALUES ('hyma1671223618.170664', 'Hyma Cloughl','27');
INSERT INTO Audit (audit_id,audit_description, audit_path, audit_timestamp) VALUES ('1671223618.170668','Account Created', 'Audit/_Account_Log',now());
INSERT INTO Account_Log (audit_id,user_id) VALUES ('1671223618.170668','hyma1671223618.170664');
INSERT INTO Account (user_id, name, age) VALUES ('adalbert1671223618.170672', 'Adalbert Sperl','24');
INSERT INTO Audit (audit_id,audit_description, audit_path, audit_timestamp) VALUES ('1671223618.170675','Account Created', 'Audit/_Account_Log',now());
INSERT INTO Account_Log (audit_id,user_id) VALUES ('1671223618.170675','adalbert1671223618.170672');
INSERT INTO Account (user_id, name, age) VALUES ('alexi1671223618.170681', 'Alexi Tomain','22');
INSERT INTO Audit (audit_id,audit_description, audit_path, audit_timestamp) VALUES ('1671223618.170684','Account Created', 'Audit/_Account_Log',now());
INSERT INTO Account_Log (audit_id,user_id) VALUES ('1671223618.170684','alexi1671223618.170681');
INSERT INTO Account (user_id, name, age) VALUES ('leatric1671223618.17069', 'Leatric Henle','22');
INSERT INTO Audit (audit_id,audit_description, audit_path, audit_timestamp) VALUES ('1671223618.170693','Account Created', 'Audit/_Account_Log',now());
INSERT INTO Account_Log (audit_id,user_id) VALUES ('1671223618.170693','leatric1671223618.17069');
INSERT INTO Account (user_id, name, age) VALUES ('myro1671223618.170699', 'Myro Hallic','22');
INSERT INTO Audit (audit_id,audit_description, audit_path, audit_timestamp) VALUES ('1671223618.170702','Account Created', 'Audit/_Account_Log',now());
INSERT INTO Account_Log (audit_id,user_id) VALUES ('1671223618.170702','myro1671223618.170699');
INSERT INTO Account (user_id, name, age) VALUES ('delan1671223618.170708', 'Delan Buller','28');
INSERT INTO Audit (audit_id,audit_description, audit_path, audit_timestamp) VALUES ('1671223618.170711','Account Created', 'Audit/_Account_Log',now());
INSERT INTO Account_Log (audit_id,user_id) VALUES ('1671223618.170711','delan1671223618.170708');
INSERT INTO Account (user_id, name, age) VALUES ('katerin1671223618.170717', 'Katerin Easle','19');
INSERT INTO Audit (audit_id,audit_description, audit_path, audit_timestamp) VALUES ('1671223618.17072','Account Created', 'Audit/_Account_Log',now());
INSERT INTO Account_Log (audit_id,user_id) VALUES ('1671223618.17072','katerin1671223618.170717');
INSERT INTO Account (user_id, name, age) VALUES ('wanit1671223618.170727', 'Wanit Ginsber','25');
INSERT INTO Audit (audit_id,audit_description, audit_path, audit_timestamp) VALUES ('1671223618.17073','Account Created', 'Audit/_Account_Log',now());
INSERT INTO Account_Log (audit_id,user_id) VALUES ('1671223618.17073','wanit1671223618.170727');
INSERT INTO Account (user_id, name, age) VALUES ('consuel1671223618.170765', 'Consuel Grace','30');
INSERT INTO Audit (audit_id,audit_description, audit_path, audit_timestamp) VALUES ('1671223618.170769','Account Created', 'Audit/_Account_Log',now());
INSERT INTO Account_Log (audit_id,user_id) VALUES ('1671223618.170769','consuel1671223618.170765');
INSERT INTO Account (user_id, name, age) VALUES ('presto1671223618.170774', 'Presto Saggi','28');
INSERT INTO Audit (audit_id,audit_description, audit_path, audit_timestamp) VALUES ('1671223618.170777','Account Created', 'Audit/_Account_Log',now());
INSERT INTO Account_Log (audit_id,user_id) VALUES ('1671223618.170777','presto1671223618.170774');
INSERT INTO Account (user_id, name, age) VALUES ('tes1671223618.170784', 'Tes Margreite','27');
INSERT INTO Audit (audit_id,audit_description, audit_path, audit_timestamp) VALUES ('1671223618.170788','Account Created', 'Audit/_Account_Log',now());
INSERT INTO Account_Log (audit_id,user_id) VALUES ('1671223618.170788','tes1671223618.170784');
INSERT INTO Account (user_id, name, age) VALUES ('susann1671223618.170794', 'Susann Finklestei','20');
INSERT INTO Audit (audit_id,audit_description, audit_path, audit_timestamp) VALUES ('1671223618.170798','Account Created', 'Audit/_Account_Log',now());
INSERT INTO Account_Log (audit_id,user_id) VALUES ('1671223618.170798','susann1671223618.170794');
INSERT INTO Account (user_id, name, age) VALUES ('celin1671223618.170803', 'Celin Oldo','28');
INSERT INTO Audit (audit_id,audit_description, audit_path, audit_timestamp) VALUES ('1671223618.170806','Account Created', 'Audit/_Account_Log',now());
INSERT INTO Account_Log (audit_id,user_id) VALUES ('1671223618.170806','celin1671223618.170803');
INSERT INTO Account (user_id, name, age) VALUES ('dawn1671223618.170811', 'Dawn Win','29');
INSERT INTO Audit (audit_id,audit_description, audit_path, audit_timestamp) VALUES ('1671223618.170814','Account Created', 'Audit/_Account_Log',now());
INSERT INTO Account_Log (audit_id,user_id) VALUES ('1671223618.170814','dawn1671223618.170811');

INSERT INTO Login_requires (login_id, password, security_question, security_answer, user_id) VALUES ('h1671223618.170495', 'password123','What is the name of your pet?','Tom','h1671223618.170495');
INSERT INTO Audit (audit_id,audit_description, audit_path, audit_timestamp) VALUES ('1671223618.170935','Login Created', 'Audit/_Login_Log',now());
INSERT INTO Login_Log (audit_id,login_id) VALUES ('1671223618.170935','h1671223618.170495');
INSERT INTO Login_requires (login_id, password, security_question, security_answer, user_id) VALUES ('karin1671223618.170526', 'password123','What is the name of your pet?','Tom','karin1671223618.170526');
INSERT INTO Audit (audit_id,audit_description, audit_path, audit_timestamp) VALUES ('1671223618.170939','Login Created', 'Audit/_Login_Log',now());
INSERT INTO Login_Log (audit_id,login_id) VALUES ('1671223618.170939','karin1671223618.170526');
INSERT INTO Login_requires (login_id, password, security_question, security_answer, user_id) VALUES ('dal1671223618.170537', 'password123','What is the name of your pet?','Tom','dal1671223618.170537');
INSERT INTO Audit (audit_id,audit_description, audit_path, audit_timestamp) VALUES ('1671223618.170942','Login Created', 'Audit/_Login_Log',now());
INSERT INTO Login_Log (audit_id,login_id) VALUES ('1671223618.170942','dal1671223618.170537');
INSERT INTO Login_requires (login_id, password, security_question, security_answer, user_id) VALUES ('ut1671223618.170547', 'password123','What is the name of your pet?','Tom','ut1671223618.170547');
INSERT INTO Audit (audit_id,audit_description, audit_path, audit_timestamp) VALUES ('1671223618.170944','Login Created', 'Audit/_Login_Log',now());
INSERT INTO Login_Log (audit_id,login_id) VALUES ('1671223618.170944','ut1671223618.170547');
INSERT INTO Login_requires (login_id, password, security_question, security_answer, user_id) VALUES ('elenor1671223618.170556', 'password123','What is the name of your pet?','Tom','elenor1671223618.170556');
INSERT INTO Audit (audit_id,audit_description, audit_path, audit_timestamp) VALUES ('1671223618.170948','Login Created', 'Audit/_Login_Log',now());
INSERT INTO Login_Log (audit_id,login_id) VALUES ('1671223618.170948','elenor1671223618.170556');
INSERT INTO Login_requires (login_id, password, security_question, security_answer, user_id) VALUES ('daci1671223618.170564', 'password123','What is the name of your pet?','Tom','daci1671223618.170564');
INSERT INTO Audit (audit_id,audit_description, audit_path, audit_timestamp) VALUES ('1671223618.17095','Login Created', 'Audit/_Login_Log',now());
INSERT INTO Login_Log (audit_id,login_id) VALUES ('1671223618.17095','daci1671223618.170564');
INSERT INTO Login_requires (login_id, password, security_question, security_answer, user_id) VALUES ('vest1671223618.170572', 'password123','What is the name of your pet?','Tom','vest1671223618.170572');
INSERT INTO Audit (audit_id,audit_description, audit_path, audit_timestamp) VALUES ('1671223618.170953','Login Created', 'Audit/_Login_Log',now());
INSERT INTO Login_Log (audit_id,login_id) VALUES ('1671223618.170953','vest1671223618.170572');
INSERT INTO Login_requires (login_id, password, security_question, security_answer, user_id) VALUES ('delme1671223618.170581', 'password123','What is the name of your pet?','Tom','delme1671223618.170581');
INSERT INTO Audit (audit_id,audit_description, audit_path, audit_timestamp) VALUES ('1671223618.170955','Login Created', 'Audit/_Login_Log',now());
INSERT INTO Login_Log (audit_id,login_id) VALUES ('1671223618.170955','delme1671223618.170581');
INSERT INTO Login_requires (login_id, password, security_question, security_answer, user_id) VALUES ('lauren1671223618.170591', 'password123','What is the name of your pet?','Tom','lauren1671223618.170591');
INSERT INTO Audit (audit_id,audit_description, audit_path, audit_timestamp) VALUES ('1671223618.170958','Login Created', 'Audit/_Login_Log',now());
INSERT INTO Login_Log (audit_id,login_id) VALUES ('1671223618.170958','lauren1671223618.170591');
INSERT INTO Login_requires (login_id, password, security_question, security_answer, user_id) VALUES ('kin1671223618.170603', 'password123','What is the name of your pet?','Tom','kin1671223618.170603');
INSERT INTO Audit (audit_id,audit_description, audit_path, audit_timestamp) VALUES ('1671223618.17096','Login Created', 'Audit/_Login_Log',now());
INSERT INTO Login_Log (audit_id,login_id) VALUES ('1671223618.17096','kin1671223618.170603');
INSERT INTO Login_requires (login_id, password, security_question, security_answer, user_id) VALUES ('buff1671223618.170613', 'password123','What is the name of your pet?','Tom','buff1671223618.170613');
INSERT INTO Audit (audit_id,audit_description, audit_path, audit_timestamp) VALUES ('1671223618.170963','Login Created', 'Audit/_Login_Log',now());
INSERT INTO Login_Log (audit_id,login_id) VALUES ('1671223618.170963','buff1671223618.170613');
INSERT INTO Login_requires (login_id, password, security_question, security_answer, user_id) VALUES ('gaylor1671223618.170622', 'password123','What is the name of your pet?','Tom','gaylor1671223618.170622');
INSERT INTO Audit (audit_id,audit_description, audit_path, audit_timestamp) VALUES ('1671223618.170966','Login Created', 'Audit/_Login_Log',now());
INSERT INTO Login_Log (audit_id,login_id) VALUES ('1671223618.170966','gaylor1671223618.170622');
INSERT INTO Login_requires (login_id, password, security_question, security_answer, user_id) VALUES ('candac1671223618.170631', 'password123','What is the name of your pet?','Tom','candac1671223618.170631');
INSERT INTO Audit (audit_id,audit_description, audit_path, audit_timestamp) VALUES ('1671223618.170968','Login Created', 'Audit/_Login_Log',now());
INSERT INTO Login_Log (audit_id,login_id) VALUES ('1671223618.170968','candac1671223618.170631');
INSERT INTO Login_requires (login_id, password, security_question, security_answer, user_id) VALUES ('dodi1671223618.170639', 'password123','What is the name of your pet?','Tom','dodi1671223618.170639');
INSERT INTO Audit (audit_id,audit_description, audit_path, audit_timestamp) VALUES ('1671223618.170971','Login Created', 'Audit/_Login_Log',now());
INSERT INTO Login_Log (audit_id,login_id) VALUES ('1671223618.170971','dodi1671223618.170639');
INSERT INTO Login_requires (login_id, password, security_question, security_answer, user_id) VALUES ('earlee1671223618.170647', 'password123','What is the name of your pet?','Tom','earlee1671223618.170647');
INSERT INTO Audit (audit_id,audit_description, audit_path, audit_timestamp) VALUES ('1671223618.170973','Login Created', 'Audit/_Login_Log',now());
INSERT INTO Login_Log (audit_id,login_id) VALUES ('1671223618.170973','earlee1671223618.170647');
INSERT INTO Login_requires (login_id, password, security_question, security_answer, user_id) VALUES ('mont1671223618.170655', 'password123','What is the name of your pet?','Tom','mont1671223618.170655');
INSERT INTO Audit (audit_id,audit_description, audit_path, audit_timestamp) VALUES ('1671223618.170976','Login Created', 'Audit/_Login_Log',now());
INSERT INTO Login_Log (audit_id,login_id) VALUES ('1671223618.170976','mont1671223618.170655');
INSERT INTO Login_requires (login_id, password, security_question, security_answer, user_id) VALUES ('hyma1671223618.170664', 'password123','What is the name of your pet?','Tom','hyma1671223618.170664');
INSERT INTO Audit (audit_id,audit_description, audit_path, audit_timestamp) VALUES ('1671223618.170978','Login Created', 'Audit/_Login_Log',now());
INSERT INTO Login_Log (audit_id,login_id) VALUES ('1671223618.170978','hyma1671223618.170664');
INSERT INTO Login_requires (login_id, password, security_question, security_answer, user_id) VALUES ('adalbert1671223618.170672', 'password123','What is the name of your pet?','Tom','adalbert1671223618.170672');
INSERT INTO Audit (audit_id,audit_description, audit_path, audit_timestamp) VALUES ('1671223618.170981','Login Created', 'Audit/_Login_Log',now());
INSERT INTO Login_Log (audit_id,login_id) VALUES ('1671223618.170981','adalbert1671223618.170672');
INSERT INTO Login_requires (login_id, password, security_question, security_answer, user_id) VALUES ('alexi1671223618.170681', 'password123','What is the name of your pet?','Tom','alexi1671223618.170681');
INSERT INTO Audit (audit_id,audit_description, audit_path, audit_timestamp) VALUES ('1671223618.171008','Login Created', 'Audit/_Login_Log',now());
INSERT INTO Login_Log (audit_id,login_id) VALUES ('1671223618.171008','alexi1671223618.170681');
INSERT INTO Login_requires (login_id, password, security_question, security_answer, user_id) VALUES ('leatric1671223618.17069', 'password123','What is the name of your pet?','Tom','leatric1671223618.17069');
INSERT INTO Audit (audit_id,audit_description, audit_path, audit_timestamp) VALUES ('1671223618.171012','Login Created', 'Audit/_Login_Log',now());
INSERT INTO Login_Log (audit_id,login_id) VALUES ('1671223618.171012','leatric1671223618.17069');
INSERT INTO Login_requires (login_id, password, security_question, security_answer, user_id) VALUES ('myro1671223618.170699', 'password123','What is the name of your pet?','Tom','myro1671223618.170699');
INSERT INTO Audit (audit_id,audit_description, audit_path, audit_timestamp) VALUES ('1671223618.171014','Login Created', 'Audit/_Login_Log',now());
INSERT INTO Login_Log (audit_id,login_id) VALUES ('1671223618.171014','myro1671223618.170699');
INSERT INTO Login_requires (login_id, password, security_question, security_answer, user_id) VALUES ('delan1671223618.170708', 'password123','What is the name of your pet?','Tom','delan1671223618.170708');
INSERT INTO Audit (audit_id,audit_description, audit_path, audit_timestamp) VALUES ('1671223618.171017','Login Created', 'Audit/_Login_Log',now());
INSERT INTO Login_Log (audit_id,login_id) VALUES ('1671223618.171017','delan1671223618.170708');
INSERT INTO Login_requires (login_id, password, security_question, security_answer, user_id) VALUES ('katerin1671223618.170717', 'password123','What is the name of your pet?','Tom','katerin1671223618.170717');
INSERT INTO Audit (audit_id,audit_description, audit_path, audit_timestamp) VALUES ('1671223618.17102','Login Created', 'Audit/_Login_Log',now());
INSERT INTO Login_Log (audit_id,login_id) VALUES ('1671223618.17102','katerin1671223618.170717');
INSERT INTO Login_requires (login_id, password, security_question, security_answer, user_id) VALUES ('wanit1671223618.170727', 'password123','What is the name of your pet?','Tom','wanit1671223618.170727');
INSERT INTO Audit (audit_id,audit_description, audit_path, audit_timestamp) VALUES ('1671223618.171022','Login Created', 'Audit/_Login_Log',now());
INSERT INTO Login_Log (audit_id,login_id) VALUES ('1671223618.171022','wanit1671223618.170727');
INSERT INTO Login_requires (login_id, password, security_question, security_answer, user_id) VALUES ('consuel1671223618.170765', 'password123','What is the name of your pet?','Tom','consuel1671223618.170765');
INSERT INTO Audit (audit_id,audit_description, audit_path, audit_timestamp) VALUES ('1671223618.171025','Login Created', 'Audit/_Login_Log',now());
INSERT INTO Login_Log (audit_id,login_id) VALUES ('1671223618.171025','consuel1671223618.170765');
INSERT INTO Login_requires (login_id, password, security_question, security_answer, user_id) VALUES ('presto1671223618.170774', 'password123','What is the name of your pet?','Tom','presto1671223618.170774');
INSERT INTO Audit (audit_id,audit_description, audit_path, audit_timestamp) VALUES ('1671223618.171027','Login Created', 'Audit/_Login_Log',now());
INSERT INTO Login_Log (audit_id,login_id) VALUES ('1671223618.171027','presto1671223618.170774');
INSERT INTO Login_requires (login_id, password, security_question, security_answer, user_id) VALUES ('tes1671223618.170784', 'password123','What is the name of your pet?','Tom','tes1671223618.170784');
INSERT INTO Audit (audit_id,audit_description, audit_path, audit_timestamp) VALUES ('1671223618.17103','Login Created', 'Audit/_Login_Log',now());
INSERT INTO Login_Log (audit_id,login_id) VALUES ('1671223618.17103','tes1671223618.170784');
INSERT INTO Login_requires (login_id, password, security_question, security_answer, user_id) VALUES ('susann1671223618.170794', 'password123','What is the name of your pet?','Tom','susann1671223618.170794');
INSERT INTO Audit (audit_id,audit_description, audit_path, audit_timestamp) VALUES ('1671223618.171032','Login Created', 'Audit/_Login_Log',now());
INSERT INTO Login_Log (audit_id,login_id) VALUES ('1671223618.171032','susann1671223618.170794');
INSERT INTO Login_requires (login_id, password, security_question, security_answer, user_id) VALUES ('celin1671223618.170803', 'password123','What is the name of your pet?','Tom','celin1671223618.170803');
INSERT INTO Audit (audit_id,audit_description, audit_path, audit_timestamp) VALUES ('1671223618.171035','Login Created', 'Audit/_Login_Log',now());
INSERT INTO Login_Log (audit_id,login_id) VALUES ('1671223618.171035','celin1671223618.170803');
INSERT INTO Login_requires (login_id, password, security_question, security_answer, user_id) VALUES ('dawn1671223618.170811', 'password123','What is the name of your pet?','Tom','dawn1671223618.170811');
INSERT INTO Audit (audit_id,audit_description, audit_path, audit_timestamp) VALUES ('1671223618.171037','Login Created', 'Audit/_Login_Log',now());
INSERT INTO Login_Log (audit_id,login_id) VALUES ('1671223618.171037','dawn1671223618.170811');

INSERT INTO NFT (token_id,token_name,nft_url,current_value) VALUES ('EgOvPgOLRbtHfEBC','Decentraland Farmer
','nft.io/EgOvPgOLRbtHfEBC',32);
INSERT INTO Audit (audit_id,audit_description, audit_path, audit_timestamp) VALUES ('1671223618.171144','NFT Created', 'Audit/_NFT_Log',now());
INSERT INTO NFT_Log (audit_id,token_id) VALUES ('1671223618.171144','EgOvPgOLRbtHfEBC');
INSERT INTO NFT (token_id,token_name,nft_url,current_value) VALUES ('GpVpcommmgyGqbLD','Imperfect Strange
','nft.io/GpVpcommmgyGqbLD',31);
INSERT INTO Audit (audit_id,audit_description, audit_path, audit_timestamp) VALUES ('1671223618.171154','NFT Created', 'Audit/_NFT_Log',now());
INSERT INTO NFT_Log (audit_id,token_id) VALUES ('1671223618.171154','GpVpcommmgyGqbLD');
INSERT INTO NFT (token_id,token_name,nft_url,current_value) VALUES ('EPTkEDrFzsIQZvQA','Crypto Club
','nft.io/EPTkEDrFzsIQZvQA',77);
INSERT INTO Audit (audit_id,audit_description, audit_path, audit_timestamp) VALUES ('1671223618.171161','NFT Created', 'Audit/_NFT_Log',now());
INSERT INTO NFT_Log (audit_id,token_id) VALUES ('1671223618.171161','EPTkEDrFzsIQZvQA');
INSERT INTO NFT (token_id,token_name,nft_url,current_value) VALUES ('qpQXPZEZKGgfxpQI','Brave Beavers
','nft.io/qpQXPZEZKGgfxpQI',17);
INSERT INTO Audit (audit_id,audit_description, audit_path, audit_timestamp) VALUES ('1671223618.171168','NFT Created', 'Audit/_NFT_Log',now());
INSERT INTO NFT_Log (audit_id,token_id) VALUES ('1671223618.171168','qpQXPZEZKGgfxpQI');
INSERT INTO NFT (token_id,token_name,nft_url,current_value) VALUES ('NCoAGVbCVojoMJnn','Dying Breath Artist
','nft.io/NCoAGVbCVojoMJnn',73);
INSERT INTO Audit (audit_id,audit_description, audit_path, audit_timestamp) VALUES ('1671223618.171175','NFT Created', 'Audit/_NFT_Log',now());
INSERT INTO NFT_Log (audit_id,token_id) VALUES ('1671223618.171175','NCoAGVbCVojoMJnn');
INSERT INTO NFT (token_id,token_name,nft_url,current_value) VALUES ('DdyvHKOuWDOxuiJV','Repulsive Zesty
','nft.io/DdyvHKOuWDOxuiJV',86);
INSERT INTO Audit (audit_id,audit_description, audit_path, audit_timestamp) VALUES ('1671223618.171182','NFT Created', 'Audit/_NFT_Log',now());
INSERT INTO NFT_Log (audit_id,token_id) VALUES ('1671223618.171182','DdyvHKOuWDOxuiJV');
INSERT INTO NFT (token_id,token_name,nft_url,current_value) VALUES ('FOJtYJPJanXIzyQf','Ledger Ascribe
','nft.io/FOJtYJPJanXIzyQf',48);
INSERT INTO Audit (audit_id,audit_description, audit_path, audit_timestamp) VALUES ('1671223618.171188','NFT Created', 'Audit/_NFT_Log',now());
INSERT INTO NFT_Log (audit_id,token_id) VALUES ('1671223618.171188','FOJtYJPJanXIzyQf');
INSERT INTO NFT (token_id,token_name,nft_url,current_value) VALUES ('ovQjVwjZEZSBhSSZ','Broad Frantic
','nft.io/ovQjVwjZEZSBhSSZ',86);
INSERT INTO Audit (audit_id,audit_description, audit_path, audit_timestamp) VALUES ('1671223618.171195','NFT Created', 'Audit/_NFT_Log',now());
INSERT INTO NFT_Log (audit_id,token_id) VALUES ('1671223618.171195','ovQjVwjZEZSBhSSZ');
INSERT INTO NFT (token_id,token_name,nft_url,current_value) VALUES ('dDKPHDnmNOwiqFue','Digital Unicorns
','nft.io/dDKPHDnmNOwiqFue',45);
INSERT INTO Audit (audit_id,audit_description, audit_path, audit_timestamp) VALUES ('1671223618.171201','NFT Created', 'Audit/_NFT_Log',now());
INSERT INTO NFT_Log (audit_id,token_id) VALUES ('1671223618.171201','dDKPHDnmNOwiqFue');
INSERT INTO NFT (token_id,token_name,nft_url,current_value) VALUES ('mMYWbKPDrtHSdGeF','Digital Unicorns
','nft.io/mMYWbKPDrtHSdGeF',89);
INSERT INTO Audit (audit_id,audit_description, audit_path, audit_timestamp) VALUES ('1671223618.171208','NFT Created', 'Audit/_NFT_Log',now());
INSERT INTO NFT_Log (audit_id,token_id) VALUES ('1671223618.171208','mMYWbKPDrtHSdGeF');
INSERT INTO NFT (token_id,token_name,nft_url,current_value) VALUES ('MybIwiJAzDDFxdZR','Broad Frantic
','nft.io/MybIwiJAzDDFxdZR',50);
INSERT INTO Audit (audit_id,audit_description, audit_path, audit_timestamp) VALUES ('1671223618.171214','NFT Created', 'Audit/_NFT_Log',now());
INSERT INTO NFT_Log (audit_id,token_id) VALUES ('1671223618.171214','MybIwiJAzDDFxdZR');
INSERT INTO NFT (token_id,token_name,nft_url,current_value) VALUES ('GBFpBdCqiPqdbttO','Claudette
','nft.io/GBFpBdCqiPqdbttO',69);
INSERT INTO Audit (audit_id,audit_description, audit_path, audit_timestamp) VALUES ('1671223618.171221','NFT Created', 'Audit/_NFT_Log',now());
INSERT INTO NFT_Log (audit_id,token_id) VALUES ('1671223618.171221','GBFpBdCqiPqdbttO');
INSERT INTO NFT (token_id,token_name,nft_url,current_value) VALUES ('abZYuzjkoVEaDzUj','Broad Frantic
','nft.io/abZYuzjkoVEaDzUj',75);
INSERT INTO Audit (audit_id,audit_description, audit_path, audit_timestamp) VALUES ('1671223618.171228','NFT Created', 'Audit/_NFT_Log',now());
INSERT INTO NFT_Log (audit_id,token_id) VALUES ('1671223618.171228','abZYuzjkoVEaDzUj');
INSERT INTO NFT (token_id,token_name,nft_url,current_value) VALUES ('gZkkcaWNsSpPebWp','Gold And Silver Traders
','nft.io/gZkkcaWNsSpPebWp',89);
INSERT INTO Audit (audit_id,audit_description, audit_path, audit_timestamp) VALUES ('1671223618.171234','NFT Created', 'Audit/_NFT_Log',now());
INSERT INTO NFT_Log (audit_id,token_id) VALUES ('1671223618.171234','gZkkcaWNsSpPebWp');
INSERT INTO NFT (token_id,token_name,nft_url,current_value) VALUES ('dyqnErXzXBfEsXeF','Zealous Halting
','nft.io/dyqnErXzXBfEsXeF',82);
INSERT INTO Audit (audit_id,audit_description, audit_path, audit_timestamp) VALUES ('1671223618.171242','NFT Created', 'Audit/_NFT_Log',now());
INSERT INTO NFT_Log (audit_id,token_id) VALUES ('1671223618.171242','dyqnErXzXBfEsXeF');
INSERT INTO NFT (token_id,token_name,nft_url,current_value) VALUES ('uvSMdbZdUDOzCOfY','Lucky Terrific
','nft.io/uvSMdbZdUDOzCOfY',32);
INSERT INTO Audit (audit_id,audit_description, audit_path, audit_timestamp) VALUES ('1671223618.171248','NFT Created', 'Audit/_NFT_Log',now());
INSERT INTO NFT_Log (audit_id,token_id) VALUES ('1671223618.171248','uvSMdbZdUDOzCOfY');
INSERT INTO NFT (token_id,token_name,nft_url,current_value) VALUES ('RVUqvleJJDzRurCZ','Broad Frantic
','nft.io/RVUqvleJJDzRurCZ',78);
INSERT INTO Audit (audit_id,audit_description, audit_path, audit_timestamp) VALUES ('1671223618.171254','NFT Created', 'Audit/_NFT_Log',now());
INSERT INTO NFT_Log (audit_id,token_id) VALUES ('1671223618.171254','RVUqvleJJDzRurCZ');
INSERT INTO NFT (token_id,token_name,nft_url,current_value) VALUES ('GQXNILbdmPpSiyde','StrtNFT
','nft.io/GQXNILbdmPpSiyde',3);
INSERT INTO Audit (audit_id,audit_description, audit_path, audit_timestamp) VALUES ('1671223618.171261','NFT Created', 'Audit/_NFT_Log',now());
INSERT INTO NFT_Log (audit_id,token_id) VALUES ('1671223618.171261','GQXNILbdmPpSiyde');
INSERT INTO NFT (token_id,token_name,nft_url,current_value) VALUES ('UYsnMNNgrVnkDiII','Harsh Zany
','nft.io/UYsnMNNgrVnkDiII',36);
INSERT INTO Audit (audit_id,audit_description, audit_path, audit_timestamp) VALUES ('1671223618.171268','NFT Created', 'Audit/_NFT_Log',now());
INSERT INTO NFT_Log (audit_id,token_id) VALUES ('1671223618.171268','UYsnMNNgrVnkDiII');
INSERT INTO NFT (token_id,token_name,nft_url,current_value) VALUES ('nssPtfICBiRrWtev','Lava Ledger
','nft.io/nssPtfICBiRrWtev',84);
INSERT INTO Audit (audit_id,audit_description, audit_path, audit_timestamp) VALUES ('1671223618.171274','NFT Created', 'Audit/_NFT_Log',now());
INSERT INTO NFT_Log (audit_id,token_id) VALUES ('1671223618.171274','nssPtfICBiRrWtev');
INSERT INTO NFT (token_id,token_name,nft_url,current_value) VALUES ('LPdzzFxqrSUCGlAK','Konstantin
','nft.io/LPdzzFxqrSUCGlAK',43);
INSERT INTO Audit (audit_id,audit_description, audit_path, audit_timestamp) VALUES ('1671223618.171281','NFT Created', 'Audit/_NFT_Log',now());
INSERT INTO NFT_Log (audit_id,token_id) VALUES ('1671223618.171281','LPdzzFxqrSUCGlAK');
INSERT INTO NFT (token_id,token_name,nft_url,current_value) VALUES ('vnRUYcxnZfyhiqnP','Broad Frantic
','nft.io/vnRUYcxnZfyhiqnP',40);
INSERT INTO Audit (audit_id,audit_description, audit_path, audit_timestamp) VALUES ('1671223618.171287','NFT Created', 'Audit/_NFT_Log',now());
INSERT INTO NFT_Log (audit_id,token_id) VALUES ('1671223618.171287','vnRUYcxnZfyhiqnP');
INSERT INTO NFT (token_id,token_name,nft_url,current_value) VALUES ('kteGROiWDApxTPrY','Blue-Eyed Trite
','nft.io/kteGROiWDApxTPrY',49);
INSERT INTO Audit (audit_id,audit_description, audit_path, audit_timestamp) VALUES ('1671223618.17131','NFT Created', 'Audit/_NFT_Log',now());
INSERT INTO NFT_Log (audit_id,token_id) VALUES ('1671223618.17131','kteGROiWDApxTPrY');
INSERT INTO NFT (token_id,token_name,nft_url,current_value) VALUES ('DReUUSzykHYLWgNI','Bitsy
','nft.io/DReUUSzykHYLWgNI',32);
INSERT INTO Audit (audit_id,audit_description, audit_path, audit_timestamp) VALUES ('1671223618.171318','NFT Created', 'Audit/_NFT_Log',now());
INSERT INTO NFT_Log (audit_id,token_id) VALUES ('1671223618.171318','DReUUSzykHYLWgNI');
INSERT INTO NFT (token_id,token_name,nft_url,current_value) VALUES ('kLcuBFbFsLhMxCMa','Zealous Halting
','nft.io/kLcuBFbFsLhMxCMa',44);
INSERT INTO Audit (audit_id,audit_description, audit_path, audit_timestamp) VALUES ('1671223618.171325','NFT Created', 'Audit/_NFT_Log',now());
INSERT INTO NFT_Log (audit_id,token_id) VALUES ('1671223618.171325','kLcuBFbFsLhMxCMa');
INSERT INTO NFT (token_id,token_name,nft_url,current_value) VALUES ('XkHzgwYifHicGWLe','Disastrous Pure
','nft.io/XkHzgwYifHicGWLe',30);
INSERT INTO Audit (audit_id,audit_description, audit_path, audit_timestamp) VALUES ('1671223618.171331','NFT Created', 'Audit/_NFT_Log',now());
INSERT INTO NFT_Log (audit_id,token_id) VALUES ('1671223618.171331','XkHzgwYifHicGWLe');
INSERT INTO NFT (token_id,token_name,nft_url,current_value) VALUES ('zkJPhWaGvrHPelsz','Konstantin
','nft.io/zkJPhWaGvrHPelsz',52);
INSERT INTO Audit (audit_id,audit_description, audit_path, audit_timestamp) VALUES ('1671223618.171338','NFT Created', 'Audit/_NFT_Log',now());
INSERT INTO NFT_Log (audit_id,token_id) VALUES ('1671223618.171338','zkJPhWaGvrHPelsz');
INSERT INTO NFT (token_id,token_name,nft_url,current_value) VALUES ('uVtrOhyHQDmeAxdu','Bitsy
','nft.io/uVtrOhyHQDmeAxdu',70);
INSERT INTO Audit (audit_id,audit_description, audit_path, audit_timestamp) VALUES ('1671223618.171344','NFT Created', 'Audit/_NFT_Log',now());
INSERT INTO NFT_Log (audit_id,token_id) VALUES ('1671223618.171344','uVtrOhyHQDmeAxdu');
INSERT INTO NFT (token_id,token_name,nft_url,current_value) VALUES ('hnyHCjpeaZYDXGYZ','Lava Ledger
','nft.io/hnyHCjpeaZYDXGYZ',20);
INSERT INTO Audit (audit_id,audit_description, audit_path, audit_timestamp) VALUES ('1671223618.171351','NFT Created', 'Audit/_NFT_Log',now());
INSERT INTO NFT_Log (audit_id,token_id) VALUES ('1671223618.171351','hnyHCjpeaZYDXGYZ');
INSERT INTO NFT (token_id,token_name,nft_url,current_value) VALUES ('ODMqcYcoIkwqrdbv','Wowoo World
','nft.io/ODMqcYcoIkwqrdbv',79);
INSERT INTO Audit (audit_id,audit_description, audit_path, audit_timestamp) VALUES ('1671223618.171358','NFT Created', 'Audit/_NFT_Log',now());
INSERT INTO NFT_Log (audit_id,token_id) VALUES ('1671223618.171358','ODMqcYcoIkwqrdbv');
INSERT INTO NFT (token_id,token_name,nft_url,current_value) VALUES ('LcLQuDkqRvlIcQiU','Mysterious Monkey
','nft.io/LcLQuDkqRvlIcQiU',35);
INSERT INTO Audit (audit_id,audit_description, audit_path, audit_timestamp) VALUES ('1671223618.171364','NFT Created', 'Audit/_NFT_Log',now());
INSERT INTO NFT_Log (audit_id,token_id) VALUES ('1671223618.171364','LcLQuDkqRvlIcQiU');
INSERT INTO NFT (token_id,token_name,nft_url,current_value) VALUES ('AgqKZYvJOPwxkKzD','1-Love
','nft.io/AgqKZYvJOPwxkKzD',14);
INSERT INTO Audit (audit_id,audit_description, audit_path, audit_timestamp) VALUES ('1671223618.171372','NFT Created', 'Audit/_NFT_Log',now());
INSERT INTO NFT_Log (audit_id,token_id) VALUES ('1671223618.171372','AgqKZYvJOPwxkKzD');
INSERT INTO NFT (token_id,token_name,nft_url,current_value) VALUES ('dmBNLlGqVGJmMNIx','Non-Objective Fusions
','nft.io/dmBNLlGqVGJmMNIx',40);
INSERT INTO Audit (audit_id,audit_description, audit_path, audit_timestamp) VALUES ('1671223618.171378','NFT Created', 'Audit/_NFT_Log',now());
INSERT INTO NFT_Log (audit_id,token_id) VALUES ('1671223618.171378','dmBNLlGqVGJmMNIx');
INSERT INTO NFT (token_id,token_name,nft_url,current_value) VALUES ('RMGZPyulyaCMWOxF','Overrated Lame
','nft.io/RMGZPyulyaCMWOxF',62);
INSERT INTO Audit (audit_id,audit_description, audit_path, audit_timestamp) VALUES ('1671223618.171385','NFT Created', 'Audit/_NFT_Log',now());
INSERT INTO NFT_Log (audit_id,token_id) VALUES ('1671223618.171385','RMGZPyulyaCMWOxF');
INSERT INTO NFT (token_id,token_name,nft_url,current_value) VALUES ('PusvsPDZxWFRrkDt','Tough Whimsical
','nft.io/PusvsPDZxWFRrkDt',8);
INSERT INTO Audit (audit_id,audit_description, audit_path, audit_timestamp) VALUES ('1671223618.171391','NFT Created', 'Audit/_NFT_Log',now());
INSERT INTO NFT_Log (audit_id,token_id) VALUES ('1671223618.171391','PusvsPDZxWFRrkDt');
INSERT INTO NFT (token_id,token_name,nft_url,current_value) VALUES ('bfYaZxHTlyhBYlaZ','Maniacal Cold
','nft.io/bfYaZxHTlyhBYlaZ',69);
INSERT INTO Audit (audit_id,audit_description, audit_path, audit_timestamp) VALUES ('1671223618.171398','NFT Created', 'Audit/_NFT_Log',now());
INSERT INTO NFT_Log (audit_id,token_id) VALUES ('1671223618.171398','bfYaZxHTlyhBYlaZ');
INSERT INTO NFT (token_id,token_name,nft_url,current_value) VALUES ('GPFDdwVrRNXSzjCv','Wistful Curly
','nft.io/GPFDdwVrRNXSzjCv',67);
INSERT INTO Audit (audit_id,audit_description, audit_path, audit_timestamp) VALUES ('1671223618.171405','NFT Created', 'Audit/_NFT_Log',now());
INSERT INTO NFT_Log (audit_id,token_id) VALUES ('1671223618.171405','GPFDdwVrRNXSzjCv');
INSERT INTO NFT (token_id,token_name,nft_url,current_value) VALUES ('UweLIbtFAmMqbPll','StrtNFT
','nft.io/UweLIbtFAmMqbPll',23);
INSERT INTO Audit (audit_id,audit_description, audit_path, audit_timestamp) VALUES ('1671223618.171411','NFT Created', 'Audit/_NFT_Log',now());
INSERT INTO NFT_Log (audit_id,token_id) VALUES ('1671223618.171411','UweLIbtFAmMqbPll');
INSERT INTO NFT (token_id,token_name,nft_url,current_value) VALUES ('AbmHcCtIHaVNwrxy','Crypto Indie
','nft.io/AbmHcCtIHaVNwrxy',32);
INSERT INTO Audit (audit_id,audit_description, audit_path, audit_timestamp) VALUES ('1671223618.171417','NFT Created', 'Audit/_NFT_Log',now());
INSERT INTO NFT_Log (audit_id,token_id) VALUES ('1671223618.171417','AbmHcCtIHaVNwrxy');
INSERT INTO NFT (token_id,token_name,nft_url,current_value) VALUES ('hXpFVBDoWAVapdDI','Maniacal Cold
','nft.io/hXpFVBDoWAVapdDI',9);
INSERT INTO Audit (audit_id,audit_description, audit_path, audit_timestamp) VALUES ('1671223618.171424','NFT Created', 'Audit/_NFT_Log',now());
INSERT INTO NFT_Log (audit_id,token_id) VALUES ('1671223618.171424','hXpFVBDoWAVapdDI');
INSERT INTO NFT (token_id,token_name,nft_url,current_value) VALUES ('dDcUSxCvIKTThjXM','Ledger Ascribe
','nft.io/dDcUSxCvIKTThjXM',26);
INSERT INTO Audit (audit_id,audit_description, audit_path, audit_timestamp) VALUES ('1671223618.17143','NFT Created', 'Audit/_NFT_Log',now());
INSERT INTO NFT_Log (audit_id,token_id) VALUES ('1671223618.17143','dDcUSxCvIKTThjXM');
INSERT INTO NFT (token_id,token_name,nft_url,current_value) VALUES ('ApHbfRvVgHXDeUja','Lonely Lions
','nft.io/ApHbfRvVgHXDeUja',31);
INSERT INTO Audit (audit_id,audit_description, audit_path, audit_timestamp) VALUES ('1671223618.171436','NFT Created', 'Audit/_NFT_Log',now());
INSERT INTO NFT_Log (audit_id,token_id) VALUES ('1671223618.171436','ApHbfRvVgHXDeUja');
INSERT INTO NFT (token_id,token_name,nft_url,current_value) VALUES ('sXuBjGJBWGNJHdfC','Wistful Curly
','nft.io/sXuBjGJBWGNJHdfC',65);
INSERT INTO Audit (audit_id,audit_description, audit_path, audit_timestamp) VALUES ('1671223618.171443','NFT Created', 'Audit/_NFT_Log',now());
INSERT INTO NFT_Log (audit_id,token_id) VALUES ('1671223618.171443','sXuBjGJBWGNJHdfC');
INSERT INTO NFT (token_id,token_name,nft_url,current_value) VALUES ('DirYRIhhKvWSrall','Broad Frantic
','nft.io/DirYRIhhKvWSrall',63);
INSERT INTO Audit (audit_id,audit_description, audit_path, audit_timestamp) VALUES ('1671223618.171449','NFT Created', 'Audit/_NFT_Log',now());
INSERT INTO NFT_Log (audit_id,token_id) VALUES ('1671223618.171449','DirYRIhhKvWSrall');
INSERT INTO NFT (token_id,token_name,nft_url,current_value) VALUES ('hWPmMPlIzxssdEkk','Panicky Elfin
','nft.io/hWPmMPlIzxssdEkk',61);
INSERT INTO Audit (audit_id,audit_description, audit_path, audit_timestamp) VALUES ('1671223618.17147','NFT Created', 'Audit/_NFT_Log',now());
INSERT INTO NFT_Log (audit_id,token_id) VALUES ('1671223618.17147','hWPmMPlIzxssdEkk');
INSERT INTO NFT (token_id,token_name,nft_url,current_value) VALUES ('AuLXEDswJamWxXtO','Crypto Indie
','nft.io/AuLXEDswJamWxXtO',3);
INSERT INTO Audit (audit_id,audit_description, audit_path, audit_timestamp) VALUES ('1671223618.171477','NFT Created', 'Audit/_NFT_Log',now());
INSERT INTO NFT_Log (audit_id,token_id) VALUES ('1671223618.171477','AuLXEDswJamWxXtO');
INSERT INTO NFT (token_id,token_name,nft_url,current_value) VALUES ('VBsIOoXMShyjRxYk','Meebyte Me
','nft.io/VBsIOoXMShyjRxYk',19);
INSERT INTO Audit (audit_id,audit_description, audit_path, audit_timestamp) VALUES ('1671223618.171484','NFT Created', 'Audit/_NFT_Log',now());
INSERT INTO NFT_Log (audit_id,token_id) VALUES ('1671223618.171484','VBsIOoXMShyjRxYk');
INSERT INTO NFT (token_id,token_name,nft_url,current_value) VALUES ('SrAqBSdKuJixOJPe','Jovial Jellyfish
','nft.io/SrAqBSdKuJixOJPe',63);
INSERT INTO Audit (audit_id,audit_description, audit_path, audit_timestamp) VALUES ('1671223618.17149','NFT Created', 'Audit/_NFT_Log',now());
INSERT INTO NFT_Log (audit_id,token_id) VALUES ('1671223618.17149','SrAqBSdKuJixOJPe');
INSERT INTO NFT (token_id,token_name,nft_url,current_value) VALUES ('WilbGQawnMRnNrzf','Mad Straight
','nft.io/WilbGQawnMRnNrzf',26);
INSERT INTO Audit (audit_id,audit_description, audit_path, audit_timestamp) VALUES ('1671223618.171497','NFT Created', 'Audit/_NFT_Log',now());
INSERT INTO NFT_Log (audit_id,token_id) VALUES ('1671223618.171497','WilbGQawnMRnNrzf');
INSERT INTO NFT (token_id,token_name,nft_url,current_value) VALUES ('cJjKJSIHqtvErQwP','Crypto Goldlock
','nft.io/cJjKJSIHqtvErQwP',77);
INSERT INTO Audit (audit_id,audit_description, audit_path, audit_timestamp) VALUES ('1671223618.171504','NFT Created', 'Audit/_NFT_Log',now());
INSERT INTO NFT_Log (audit_id,token_id) VALUES ('1671223618.171504','cJjKJSIHqtvErQwP');

INSERT INTO NFT_created (token_id,user_id) VALUES ('hXpFVBDoWAVapdDI','delan1671223618.170708');
INSERT INTO NFT_created (token_id,user_id) VALUES ('dyqnErXzXBfEsXeF','candac1671223618.170631');
INSERT INTO NFT_created (token_id,user_id) VALUES ('LcLQuDkqRvlIcQiU','delme1671223618.170581');
INSERT INTO NFT_created (token_id,user_id) VALUES ('AbmHcCtIHaVNwrxy','leatric1671223618.17069');
INSERT INTO NFT_created (token_id,user_id) VALUES ('RVUqvleJJDzRurCZ','delan1671223618.170708');
INSERT INTO NFT_created (token_id,user_id) VALUES ('RMGZPyulyaCMWOxF','earlee1671223618.170647');
INSERT INTO NFT_created (token_id,user_id) VALUES ('EgOvPgOLRbtHfEBC','kin1671223618.170603');
INSERT INTO NFT_created (token_id,user_id) VALUES ('ODMqcYcoIkwqrdbv','mont1671223618.170655');
INSERT INTO NFT_created (token_id,user_id) VALUES ('LPdzzFxqrSUCGlAK','daci1671223618.170564');
INSERT INTO NFT_created (token_id,user_id) VALUES ('vnRUYcxnZfyhiqnP','candac1671223618.170631');
INSERT INTO NFT_created (token_id,user_id) VALUES ('UweLIbtFAmMqbPll','dodi1671223618.170639');
INSERT INTO NFT_created (token_id,user_id) VALUES ('VBsIOoXMShyjRxYk','kin1671223618.170603');
INSERT INTO NFT_created (token_id,user_id) VALUES ('DdyvHKOuWDOxuiJV','dal1671223618.170537');
INSERT INTO NFT_created (token_id,user_id) VALUES ('bfYaZxHTlyhBYlaZ','presto1671223618.170774');
INSERT INTO NFT_created (token_id,user_id) VALUES ('FOJtYJPJanXIzyQf','katerin1671223618.170717');
INSERT INTO NFT_created (token_id,user_id) VALUES ('GPFDdwVrRNXSzjCv','h1671223618.170495');
INSERT INTO NFT_created (token_id,user_id) VALUES ('dmBNLlGqVGJmMNIx','delme1671223618.170581');
INSERT INTO NFT_created (token_id,user_id) VALUES ('NCoAGVbCVojoMJnn','katerin1671223618.170717');
INSERT INTO NFT_created (token_id,user_id) VALUES ('DReUUSzykHYLWgNI','katerin1671223618.170717');
INSERT INTO NFT_created (token_id,user_id) VALUES ('cJjKJSIHqtvErQwP','elenor1671223618.170556');
INSERT INTO NFT_created (token_id,user_id) VALUES ('XkHzgwYifHicGWLe','ut1671223618.170547');
INSERT INTO NFT_created (token_id,user_id) VALUES ('UYsnMNNgrVnkDiII','h1671223618.170495');
INSERT INTO NFT_created (token_id,user_id) VALUES ('MybIwiJAzDDFxdZR','delan1671223618.170708');
INSERT INTO NFT_created (token_id,user_id) VALUES ('ovQjVwjZEZSBhSSZ','presto1671223618.170774');
INSERT INTO NFT_created (token_id,user_id) VALUES ('zkJPhWaGvrHPelsz','dawn1671223618.170811');
INSERT INTO NFT_created (token_id,user_id) VALUES ('dDKPHDnmNOwiqFue','karin1671223618.170526');
INSERT INTO NFT_created (token_id,user_id) VALUES ('kteGROiWDApxTPrY','dal1671223618.170537');
INSERT INTO NFT_created (token_id,user_id) VALUES ('DirYRIhhKvWSrall','hyma1671223618.170664');
INSERT INTO NFT_created (token_id,user_id) VALUES ('hnyHCjpeaZYDXGYZ','adalbert1671223618.170672');
INSERT INTO NFT_created (token_id,user_id) VALUES ('AgqKZYvJOPwxkKzD','alexi1671223618.170681');
INSERT INTO NFT_created (token_id,user_id) VALUES ('GQXNILbdmPpSiyde','hyma1671223618.170664');
INSERT INTO NFT_created (token_id,user_id) VALUES ('GpVpcommmgyGqbLD','delme1671223618.170581');
INSERT INTO NFT_created (token_id,user_id) VALUES ('kLcuBFbFsLhMxCMa','delan1671223618.170708');
INSERT INTO NFT_created (token_id,user_id) VALUES ('EPTkEDrFzsIQZvQA','adalbert1671223618.170672');
INSERT INTO NFT_created (token_id,user_id) VALUES ('sXuBjGJBWGNJHdfC','tes1671223618.170784');
INSERT INTO NFT_created (token_id,user_id) VALUES ('mMYWbKPDrtHSdGeF','dal1671223618.170537');
INSERT INTO NFT_created (token_id,user_id) VALUES ('dDcUSxCvIKTThjXM','adalbert1671223618.170672');
INSERT INTO NFT_created (token_id,user_id) VALUES ('AuLXEDswJamWxXtO','candac1671223618.170631');
INSERT INTO NFT_created (token_id,user_id) VALUES ('WilbGQawnMRnNrzf','candac1671223618.170631');
INSERT INTO NFT_created (token_id,user_id) VALUES ('ApHbfRvVgHXDeUja','susann1671223618.170794');
INSERT INTO NFT_created (token_id,user_id) VALUES ('uvSMdbZdUDOzCOfY','susann1671223618.170794');
INSERT INTO NFT_created (token_id,user_id) VALUES ('SrAqBSdKuJixOJPe','leatric1671223618.17069');
INSERT INTO NFT_created (token_id,user_id) VALUES ('qpQXPZEZKGgfxpQI','lauren1671223618.170591');
INSERT INTO NFT_created (token_id,user_id) VALUES ('hWPmMPlIzxssdEkk','delan1671223618.170708');
INSERT INTO NFT_created (token_id,user_id) VALUES ('nssPtfICBiRrWtev','susann1671223618.170794');
INSERT INTO NFT_created (token_id,user_id) VALUES ('GBFpBdCqiPqdbttO','candac1671223618.170631');
INSERT INTO NFT_created (token_id,user_id) VALUES ('PusvsPDZxWFRrkDt','alexi1671223618.170681');
INSERT INTO NFT_created (token_id,user_id) VALUES ('abZYuzjkoVEaDzUj','earlee1671223618.170647');
INSERT INTO NFT_created (token_id,user_id) VALUES ('gZkkcaWNsSpPebWp','dal1671223618.170537');
INSERT INTO NFT_created (token_id,user_id) VALUES ('uVtrOhyHQDmeAxdu','wanit1671223618.170727');

INSERT INTO NFT_owned (token_id,user_id) VALUES ('hXpFVBDoWAVapdDI','delme1671223618.170581');
INSERT INTO NFT_owned (token_id,user_id) VALUES ('dyqnErXzXBfEsXeF','alexi1671223618.170681');
INSERT INTO NFT_owned (token_id,user_id) VALUES ('LcLQuDkqRvlIcQiU','gaylor1671223618.170622');
INSERT INTO NFT_owned (token_id,user_id) VALUES ('AbmHcCtIHaVNwrxy','delan1671223618.170708');
INSERT INTO NFT_owned (token_id,user_id) VALUES ('RVUqvleJJDzRurCZ','dal1671223618.170537');
INSERT INTO NFT_owned (token_id,user_id) VALUES ('RMGZPyulyaCMWOxF','daci1671223618.170564');
INSERT INTO NFT_owned (token_id,user_id) VALUES ('EgOvPgOLRbtHfEBC','katerin1671223618.170717');
INSERT INTO NFT_owned (token_id,user_id) VALUES ('ODMqcYcoIkwqrdbv','alexi1671223618.170681');
INSERT INTO NFT_owned (token_id,user_id) VALUES ('LPdzzFxqrSUCGlAK','vest1671223618.170572');
INSERT INTO NFT_owned (token_id,user_id) VALUES ('vnRUYcxnZfyhiqnP','adalbert1671223618.170672');
INSERT INTO NFT_owned (token_id,user_id) VALUES ('UweLIbtFAmMqbPll','presto1671223618.170774');
INSERT INTO NFT_owned (token_id,user_id) VALUES ('VBsIOoXMShyjRxYk','dodi1671223618.170639');
INSERT INTO NFT_owned (token_id,user_id) VALUES ('DdyvHKOuWDOxuiJV','buff1671223618.170613');
INSERT INTO NFT_owned (token_id,user_id) VALUES ('bfYaZxHTlyhBYlaZ','hyma1671223618.170664');
INSERT INTO NFT_owned (token_id,user_id) VALUES ('FOJtYJPJanXIzyQf','delme1671223618.170581');
INSERT INTO NFT_owned (token_id,user_id) VALUES ('GPFDdwVrRNXSzjCv','lauren1671223618.170591');
INSERT INTO NFT_owned (token_id,user_id) VALUES ('dmBNLlGqVGJmMNIx','karin1671223618.170526');
INSERT INTO NFT_owned (token_id,user_id) VALUES ('NCoAGVbCVojoMJnn','alexi1671223618.170681');
INSERT INTO NFT_owned (token_id,user_id) VALUES ('DReUUSzykHYLWgNI','delan1671223618.170708');
INSERT INTO NFT_owned (token_id,user_id) VALUES ('cJjKJSIHqtvErQwP','dodi1671223618.170639');
INSERT INTO NFT_owned (token_id,user_id) VALUES ('XkHzgwYifHicGWLe','earlee1671223618.170647');
INSERT INTO NFT_owned (token_id,user_id) VALUES ('UYsnMNNgrVnkDiII','katerin1671223618.170717');
INSERT INTO NFT_owned (token_id,user_id) VALUES ('MybIwiJAzDDFxdZR','delan1671223618.170708');
INSERT INTO NFT_owned (token_id,user_id) VALUES ('ovQjVwjZEZSBhSSZ','candac1671223618.170631');
INSERT INTO NFT_owned (token_id,user_id) VALUES ('zkJPhWaGvrHPelsz','hyma1671223618.170664');
INSERT INTO NFT_owned (token_id,user_id) VALUES ('dDKPHDnmNOwiqFue','vest1671223618.170572');
INSERT INTO NFT_owned (token_id,user_id) VALUES ('kteGROiWDApxTPrY','tes1671223618.170784');
INSERT INTO NFT_owned (token_id,user_id) VALUES ('DirYRIhhKvWSrall','kin1671223618.170603');
INSERT INTO NFT_owned (token_id,user_id) VALUES ('hnyHCjpeaZYDXGYZ','myro1671223618.170699');
INSERT INTO NFT_owned (token_id,user_id) VALUES ('AgqKZYvJOPwxkKzD','elenor1671223618.170556');
INSERT INTO NFT_owned (token_id,user_id) VALUES ('GQXNILbdmPpSiyde','earlee1671223618.170647');
INSERT INTO NFT_owned (token_id,user_id) VALUES ('GpVpcommmgyGqbLD','tes1671223618.170784');
INSERT INTO NFT_owned (token_id,user_id) VALUES ('kLcuBFbFsLhMxCMa','daci1671223618.170564');
INSERT INTO NFT_owned (token_id,user_id) VALUES ('EPTkEDrFzsIQZvQA','buff1671223618.170613');
INSERT INTO NFT_owned (token_id,user_id) VALUES ('sXuBjGJBWGNJHdfC','celin1671223618.170803');
INSERT INTO NFT_owned (token_id,user_id) VALUES ('mMYWbKPDrtHSdGeF','myro1671223618.170699');
INSERT INTO NFT_owned (token_id,user_id) VALUES ('dDcUSxCvIKTThjXM','elenor1671223618.170556');
INSERT INTO NFT_owned (token_id,user_id) VALUES ('AuLXEDswJamWxXtO','celin1671223618.170803');
INSERT INTO NFT_owned (token_id,user_id) VALUES ('WilbGQawnMRnNrzf','delan1671223618.170708');
INSERT INTO NFT_owned (token_id,user_id) VALUES ('ApHbfRvVgHXDeUja','mont1671223618.170655');
INSERT INTO NFT_owned (token_id,user_id) VALUES ('uvSMdbZdUDOzCOfY','delan1671223618.170708');
INSERT INTO NFT_owned (token_id,user_id) VALUES ('SrAqBSdKuJixOJPe','dal1671223618.170537');
INSERT INTO NFT_owned (token_id,user_id) VALUES ('qpQXPZEZKGgfxpQI','buff1671223618.170613');
INSERT INTO NFT_owned (token_id,user_id) VALUES ('hWPmMPlIzxssdEkk','ut1671223618.170547');
INSERT INTO NFT_owned (token_id,user_id) VALUES ('nssPtfICBiRrWtev','alexi1671223618.170681');
INSERT INTO NFT_owned (token_id,user_id) VALUES ('GBFpBdCqiPqdbttO','vest1671223618.170572');
INSERT INTO NFT_owned (token_id,user_id) VALUES ('PusvsPDZxWFRrkDt','wanit1671223618.170727');
INSERT INTO NFT_owned (token_id,user_id) VALUES ('abZYuzjkoVEaDzUj','tes1671223618.170784');
INSERT INTO NFT_owned (token_id,user_id) VALUES ('gZkkcaWNsSpPebWp','mont1671223618.170655');
INSERT INTO NFT_owned (token_id,user_id) VALUES ('uVtrOhyHQDmeAxdu','earlee1671223618.170647');

INSERT INTO Financial_Information_contains (fin_id, card_number,card_cvv,bank_name,expiry_month,expiry_year,user_id) VALUES ('1671223618.171827',092282135595,292,'Bank Of America',10,2025,'h1671223618.170495');
INSERT INTO Wallet_has (wallet_id,wallet_address,user_id) VALUES ('1671223618.171844','0x9196847243319774','h1671223618.170495');
INSERT INTO Financial_Information_contains (fin_id, card_number,card_cvv,bank_name,expiry_month,expiry_year,user_id) VALUES ('1671223618.17185',557172994665,830,'Santander Bank',8,2028,'karin1671223618.170526');
INSERT INTO Wallet_has (wallet_id,wallet_address,user_id) VALUES ('1671223618.171858','0x4626309006006135','karin1671223618.170526');
INSERT INTO Financial_Information_contains (fin_id, card_number,card_cvv,bank_name,expiry_month,expiry_year,user_id) VALUES ('1671223618.171863',610105836321,151,'Wells Fargo',2,2028,'dal1671223618.170537');
INSERT INTO Wallet_has (wallet_id,wallet_address,user_id) VALUES ('1671223618.171871','0x8274010579853941','dal1671223618.170537');
INSERT INTO Financial_Information_contains (fin_id, card_number,card_cvv,bank_name,expiry_month,expiry_year,user_id) VALUES ('1671223618.171875',952751943243,362,'Wells Fargo',4,2030,'ut1671223618.170547');
INSERT INTO Wallet_has (wallet_id,wallet_address,user_id) VALUES ('1671223618.171883','0x3881380760178179','ut1671223618.170547');
INSERT INTO Financial_Information_contains (fin_id, card_number,card_cvv,bank_name,expiry_month,expiry_year,user_id) VALUES ('1671223618.171887',114489512775,949,'Capital One',7,2022,'elenor1671223618.170556');
INSERT INTO Wallet_has (wallet_id,wallet_address,user_id) VALUES ('1671223618.171895','0x0037704882395364','elenor1671223618.170556');
INSERT INTO Financial_Information_contains (fin_id, card_number,card_cvv,bank_name,expiry_month,expiry_year,user_id) VALUES ('1671223618.171899',272044653970,857,'JPM Chase',6,2028,'daci1671223618.170564');
INSERT INTO Wallet_has (wallet_id,wallet_address,user_id) VALUES ('1671223618.171906','0x1876366745752449','daci1671223618.170564');
INSERT INTO Financial_Information_contains (fin_id, card_number,card_cvv,bank_name,expiry_month,expiry_year,user_id) VALUES ('1671223618.17191',236707918509,115,'Santander Bank',7,2024,'vest1671223618.170572');
INSERT INTO Wallet_has (wallet_id,wallet_address,user_id) VALUES ('1671223618.171917','0x8085803397372866','vest1671223618.170572');
INSERT INTO Financial_Information_contains (fin_id, card_number,card_cvv,bank_name,expiry_month,expiry_year,user_id) VALUES ('1671223618.171921',765539920473,055,'Capital One',11,2025,'delme1671223618.170581');
INSERT INTO Wallet_has (wallet_id,wallet_address,user_id) VALUES ('1671223618.171929','0x3304745914538823','delme1671223618.170581');
INSERT INTO Financial_Information_contains (fin_id, card_number,card_cvv,bank_name,expiry_month,expiry_year,user_id) VALUES ('1671223618.171933',760384584083,253,'JPM Chase',11,2026,'lauren1671223618.170591');
INSERT INTO Wallet_has (wallet_id,wallet_address,user_id) VALUES ('1671223618.171941','0x0410688190934545','lauren1671223618.170591');
INSERT INTO Financial_Information_contains (fin_id, card_number,card_cvv,bank_name,expiry_month,expiry_year,user_id) VALUES ('1671223618.171945',410594117962,309,'Capital One',9,2025,'kin1671223618.170603');
INSERT INTO Wallet_has (wallet_id,wallet_address,user_id) VALUES ('1671223618.171952','0x6386645213926253','kin1671223618.170603');
INSERT INTO Financial_Information_contains (fin_id, card_number,card_cvv,bank_name,expiry_month,expiry_year,user_id) VALUES ('1671223618.171956',985047028801,010,'Bank Of America',7,2028,'buff1671223618.170613');
INSERT INTO Wallet_has (wallet_id,wallet_address,user_id) VALUES ('1671223618.171964','0x0670528644894746','buff1671223618.170613');
INSERT INTO Financial_Information_contains (fin_id, card_number,card_cvv,bank_name,expiry_month,expiry_year,user_id) VALUES ('1671223618.171967',775316564946,929,'Bank Of America',3,2026,'gaylor1671223618.170622');
INSERT INTO Wallet_has (wallet_id,wallet_address,user_id) VALUES ('1671223618.171975','0x8480742620413183','gaylor1671223618.170622');
INSERT INTO Financial_Information_contains (fin_id, card_number,card_cvv,bank_name,expiry_month,expiry_year,user_id) VALUES ('1671223618.171979',648447023258,729,'JPM Chase',3,2025,'candac1671223618.170631');
INSERT INTO Wallet_has (wallet_id,wallet_address,user_id) VALUES ('1671223618.171987','0x1422686945812715','candac1671223618.170631');
INSERT INTO Financial_Information_contains (fin_id, card_number,card_cvv,bank_name,expiry_month,expiry_year,user_id) VALUES ('1671223618.17199',941170288631,695,'Santander Bank',12,2024,'dodi1671223618.170639');
INSERT INTO Wallet_has (wallet_id,wallet_address,user_id) VALUES ('1671223618.171998','0x9951068782953709','dodi1671223618.170639');
INSERT INTO Financial_Information_contains (fin_id, card_number,card_cvv,bank_name,expiry_month,expiry_year,user_id) VALUES ('1671223618.172002',606249990813,828,'Wells Fargo',4,2028,'earlee1671223618.170647');
INSERT INTO Wallet_has (wallet_id,wallet_address,user_id) VALUES ('1671223618.17201','0x3333521969064015','earlee1671223618.170647');
INSERT INTO Financial_Information_contains (fin_id, card_number,card_cvv,bank_name,expiry_month,expiry_year,user_id) VALUES ('1671223618.172014',920265381540,242,'JPM Chase',9,2030,'mont1671223618.170655');
INSERT INTO Wallet_has (wallet_id,wallet_address,user_id) VALUES ('1671223618.172021','0x2933011533701563','mont1671223618.170655');
INSERT INTO Financial_Information_contains (fin_id, card_number,card_cvv,bank_name,expiry_month,expiry_year,user_id) VALUES ('1671223618.172025',676729125619,928,'Santander Bank',9,2029,'hyma1671223618.170664');
INSERT INTO Wallet_has (wallet_id,wallet_address,user_id) VALUES ('1671223618.172033','0x1383556364712845','hyma1671223618.170664');
INSERT INTO Financial_Information_contains (fin_id, card_number,card_cvv,bank_name,expiry_month,expiry_year,user_id) VALUES ('1671223618.172036',882002675077,766,'Santander Bank',6,2029,'adalbert1671223618.170672');
INSERT INTO Wallet_has (wallet_id,wallet_address,user_id) VALUES ('1671223618.172044','0x0534228376478647','adalbert1671223618.170672');
INSERT INTO Financial_Information_contains (fin_id, card_number,card_cvv,bank_name,expiry_month,expiry_year,user_id) VALUES ('1671223618.172047',150056417835,001,'Bank Of America',4,2023,'alexi1671223618.170681');
INSERT INTO Wallet_has (wallet_id,wallet_address,user_id) VALUES ('1671223618.172055','0x8658422252754251','alexi1671223618.170681');
INSERT INTO Financial_Information_contains (fin_id, card_number,card_cvv,bank_name,expiry_month,expiry_year,user_id) VALUES ('1671223618.172059',801841479224,075,'Santander Bank',9,2024,'leatric1671223618.17069');
INSERT INTO Wallet_has (wallet_id,wallet_address,user_id) VALUES ('1671223618.172066','0x8290636071141545','leatric1671223618.17069');
INSERT INTO Financial_Information_contains (fin_id, card_number,card_cvv,bank_name,expiry_month,expiry_year,user_id) VALUES ('1671223618.172069',646779899396,025,'Santander Bank',12,2025,'myro1671223618.170699');
INSERT INTO Wallet_has (wallet_id,wallet_address,user_id) VALUES ('1671223618.172077','0x2987701652484840','myro1671223618.170699');
INSERT INTO Financial_Information_contains (fin_id, card_number,card_cvv,bank_name,expiry_month,expiry_year,user_id) VALUES ('1671223618.172081',581182264566,169,'Wells Fargo',5,2023,'delan1671223618.170708');
INSERT INTO Wallet_has (wallet_id,wallet_address,user_id) VALUES ('1671223618.172088','0x1669783465021144','delan1671223618.170708');
INSERT INTO Financial_Information_contains (fin_id, card_number,card_cvv,bank_name,expiry_month,expiry_year,user_id) VALUES ('1671223618.172092',865055034827,338,'Wells Fargo',8,2027,'katerin1671223618.170717');
INSERT INTO Wallet_has (wallet_id,wallet_address,user_id) VALUES ('1671223618.172099','0x9296567218714167','katerin1671223618.170717');
INSERT INTO Financial_Information_contains (fin_id, card_number,card_cvv,bank_name,expiry_month,expiry_year,user_id) VALUES ('1671223618.172103',901792029429,147,'Santander Bank',1,2028,'wanit1671223618.170727');
INSERT INTO Wallet_has (wallet_id,wallet_address,user_id) VALUES ('1671223618.172111','0x6140963150017177','wanit1671223618.170727');
INSERT INTO Financial_Information_contains (fin_id, card_number,card_cvv,bank_name,expiry_month,expiry_year,user_id) VALUES ('1671223618.172129',048345957978,470,'JPM Chase',2,2023,'consuel1671223618.170765');
INSERT INTO Wallet_has (wallet_id,wallet_address,user_id) VALUES ('1671223618.172138','0x5048362872307548','consuel1671223618.170765');
INSERT INTO Financial_Information_contains (fin_id, card_number,card_cvv,bank_name,expiry_month,expiry_year,user_id) VALUES ('1671223618.172142',072217875236,466,'JPM Chase',10,2029,'presto1671223618.170774');
INSERT INTO Wallet_has (wallet_id,wallet_address,user_id) VALUES ('1671223618.17215','0x6119066063812162','presto1671223618.170774');
INSERT INTO Financial_Information_contains (fin_id, card_number,card_cvv,bank_name,expiry_month,expiry_year,user_id) VALUES ('1671223618.172153',075296666825,957,'Santander Bank',5,2024,'tes1671223618.170784');
INSERT INTO Wallet_has (wallet_id,wallet_address,user_id) VALUES ('1671223618.172161','0x1029212762476018','tes1671223618.170784');
INSERT INTO Financial_Information_contains (fin_id, card_number,card_cvv,bank_name,expiry_month,expiry_year,user_id) VALUES ('1671223618.172165',972897552635,517,'Wells Fargo',6,2024,'susann1671223618.170794');
INSERT INTO Wallet_has (wallet_id,wallet_address,user_id) VALUES ('1671223618.172172','0x5266532086234879','susann1671223618.170794');
INSERT INTO Financial_Information_contains (fin_id, card_number,card_cvv,bank_name,expiry_month,expiry_year,user_id) VALUES ('1671223618.172176',419265369720,474,'JPM Chase',5,2026,'celin1671223618.170803');
INSERT INTO Wallet_has (wallet_id,wallet_address,user_id) VALUES ('1671223618.172184','0x8104021338503303','celin1671223618.170803');
INSERT INTO Financial_Information_contains (fin_id, card_number,card_cvv,bank_name,expiry_month,expiry_year,user_id) VALUES ('1671223618.172188',843515407423,255,'Santander Bank',6,2030,'dawn1671223618.170811');
INSERT INTO Wallet_has (wallet_id,wallet_address,user_id) VALUES ('1671223618.172195','0x3138072160093220','dawn1671223618.170811');
INSERT INTO Currency_holds (currency_name, balance, wallet_id) VALUES ('ETH',17,'1671223618.171844');
INSERT INTO Currency_holds (currency_name, balance, wallet_id) VALUES ('AST',98,'1671223618.171858');
INSERT INTO Currency_holds (currency_name, balance, wallet_id) VALUES ('BTC',74,'1671223618.171871');
INSERT INTO Currency_holds (currency_name, balance, wallet_id) VALUES ('BTC',20,'1671223618.171883');
INSERT INTO Currency_holds (currency_name, balance, wallet_id) VALUES ('XRP',47,'1671223618.171895');
INSERT INTO Currency_holds (currency_name, balance, wallet_id) VALUES ('XRP',77,'1671223618.171906');
INSERT INTO Currency_holds (currency_name, balance, wallet_id) VALUES ('XRP',47,'1671223618.171917');
INSERT INTO Currency_holds (currency_name, balance, wallet_id) VALUES ('XRP',40,'1671223618.171929');
INSERT INTO Currency_holds (currency_name, balance, wallet_id) VALUES ('BTC',51,'1671223618.171941');
INSERT INTO Currency_holds (currency_name, balance, wallet_id) VALUES ('ETH',3,'1671223618.171952');
INSERT INTO Currency_holds (currency_name, balance, wallet_id) VALUES ('ETH',93,'1671223618.171964');
INSERT INTO Currency_holds (currency_name, balance, wallet_id) VALUES ('XRP',79,'1671223618.171975');
INSERT INTO Currency_holds (currency_name, balance, wallet_id) VALUES ('BTC',94,'1671223618.171987');
INSERT INTO Currency_holds (currency_name, balance, wallet_id) VALUES ('ETH',90,'1671223618.171998');
INSERT INTO Currency_holds (currency_name, balance, wallet_id) VALUES ('BTC',36,'1671223618.17201');
INSERT INTO Currency_holds (currency_name, balance, wallet_id) VALUES ('ETH',71,'1671223618.172021');
INSERT INTO Currency_holds (currency_name, balance, wallet_id) VALUES ('MAT',3,'1671223618.172033');
INSERT INTO Currency_holds (currency_name, balance, wallet_id) VALUES ('MAT',17,'1671223618.172044');
INSERT INTO Currency_holds (currency_name, balance, wallet_id) VALUES ('MAT',85,'1671223618.172055');
INSERT INTO Currency_holds (currency_name, balance, wallet_id) VALUES ('MAT',24,'1671223618.172066');
INSERT INTO Currency_holds (currency_name, balance, wallet_id) VALUES ('ETH',90,'1671223618.172077');
INSERT INTO Currency_holds (currency_name, balance, wallet_id) VALUES ('ETH',59,'1671223618.172088');
INSERT INTO Currency_holds (currency_name, balance, wallet_id) VALUES ('XRP',61,'1671223618.172099');
INSERT INTO Currency_holds (currency_name, balance, wallet_id) VALUES ('XRP',92,'1671223618.172111');
INSERT INTO Currency_holds (currency_name, balance, wallet_id) VALUES ('AST',94,'1671223618.172138');
INSERT INTO Currency_holds (currency_name, balance, wallet_id) VALUES ('BTC',85,'1671223618.17215');
INSERT INTO Currency_holds (currency_name, balance, wallet_id) VALUES ('ETH',36,'1671223618.172161');
INSERT INTO Currency_holds (currency_name, balance, wallet_id) VALUES ('XRP',1,'1671223618.172172');
INSERT INTO Currency_holds (currency_name, balance, wallet_id) VALUES ('XRP',88,'1671223618.172184');
INSERT INTO Currency_holds (currency_name, balance, wallet_id) VALUES ('ETH',59,'1671223618.172195');

INSERT INTO Transactions_contains (txn_id, amount, status, token_id) VALUES ('1671223618.172322',80,True,'hXpFVBDoWAVapdDI');
INSERT INTO Buy_TXN (txn_id, user_id) VALUES ('1671223618.172322','delme1671223618.170581');INSERT INTO Sell_TXN (txn_id, user_id) VALUES ('1671223618.172322',(SELECT user_id FROM NFT_owned where token_id = 'hXpFVBDoWAVapdDI'));
UPDATE NFT_owned SET user_id = 'delme1671223618.170581' WHERE token_id = 'hXpFVBDoWAVapdDI';
INSERT INTO Transactions_contains (txn_id, amount, status, token_id) VALUES ('1671223618.172328',46,True,'dyqnErXzXBfEsXeF');
INSERT INTO Buy_TXN (txn_id, user_id) VALUES ('1671223618.172328','leatric1671223618.17069');INSERT INTO Sell_TXN (txn_id, user_id) VALUES ('1671223618.172328',(SELECT user_id FROM NFT_owned where token_id = 'dyqnErXzXBfEsXeF'));
UPDATE NFT_owned SET user_id = 'leatric1671223618.17069' WHERE token_id = 'dyqnErXzXBfEsXeF';
INSERT INTO Transactions_contains (txn_id, amount, status, token_id) VALUES ('1671223618.172333',24,True,'LcLQuDkqRvlIcQiU');
INSERT INTO Buy_TXN (txn_id, user_id) VALUES ('1671223618.172333','karin1671223618.170526');INSERT INTO Sell_TXN (txn_id, user_id) VALUES ('1671223618.172333',(SELECT user_id FROM NFT_owned where token_id = 'LcLQuDkqRvlIcQiU'));
UPDATE NFT_owned SET user_id = 'karin1671223618.170526' WHERE token_id = 'LcLQuDkqRvlIcQiU';
INSERT INTO Transactions_contains (txn_id, amount, status, token_id) VALUES ('1671223618.172337',54,True,'AbmHcCtIHaVNwrxy');
INSERT INTO Buy_TXN (txn_id, user_id) VALUES ('1671223618.172337','buff1671223618.170613');INSERT INTO Sell_TXN (txn_id, user_id) VALUES ('1671223618.172337',(SELECT user_id FROM NFT_owned where token_id = 'AbmHcCtIHaVNwrxy'));
UPDATE NFT_owned SET user_id = 'buff1671223618.170613' WHERE token_id = 'AbmHcCtIHaVNwrxy';
INSERT INTO Transactions_contains (txn_id, amount, status, token_id) VALUES ('1671223618.172342',90,True,'RVUqvleJJDzRurCZ');
INSERT INTO Buy_TXN (txn_id, user_id) VALUES ('1671223618.172342','leatric1671223618.17069');INSERT INTO Sell_TXN (txn_id, user_id) VALUES ('1671223618.172342',(SELECT user_id FROM NFT_owned where token_id = 'RVUqvleJJDzRurCZ'));
UPDATE NFT_owned SET user_id = 'leatric1671223618.17069' WHERE token_id = 'RVUqvleJJDzRurCZ';
INSERT INTO Transactions_contains (txn_id, amount, status, token_id) VALUES ('1671223618.172346',16,True,'RMGZPyulyaCMWOxF');
INSERT INTO Buy_TXN (txn_id, user_id) VALUES ('1671223618.172346','mont1671223618.170655');INSERT INTO Sell_TXN (txn_id, user_id) VALUES ('1671223618.172346',(SELECT user_id FROM NFT_owned where token_id = 'RMGZPyulyaCMWOxF'));
UPDATE NFT_owned SET user_id = 'mont1671223618.170655' WHERE token_id = 'RMGZPyulyaCMWOxF';
INSERT INTO Transactions_contains (txn_id, amount, status, token_id) VALUES ('1671223618.17235',20,True,'EgOvPgOLRbtHfEBC');
INSERT INTO Buy_TXN (txn_id, user_id) VALUES ('1671223618.17235','candac1671223618.170631');INSERT INTO Sell_TXN (txn_id, user_id) VALUES ('1671223618.17235',(SELECT user_id FROM NFT_owned where token_id = 'EgOvPgOLRbtHfEBC'));
UPDATE NFT_owned SET user_id = 'candac1671223618.170631' WHERE token_id = 'EgOvPgOLRbtHfEBC';
INSERT INTO Transactions_contains (txn_id, amount, status, token_id) VALUES ('1671223618.172354',10,True,'ODMqcYcoIkwqrdbv');
INSERT INTO Buy_TXN (txn_id, user_id) VALUES ('1671223618.172354','lauren1671223618.170591');INSERT INTO Sell_TXN (txn_id, user_id) VALUES ('1671223618.172354',(SELECT user_id FROM NFT_owned where token_id = 'ODMqcYcoIkwqrdbv'));
UPDATE NFT_owned SET user_id = 'lauren1671223618.170591' WHERE token_id = 'ODMqcYcoIkwqrdbv';
INSERT INTO Transactions_contains (txn_id, amount, status, token_id) VALUES ('1671223618.172359',77,True,'LPdzzFxqrSUCGlAK');
INSERT INTO Buy_TXN (txn_id, user_id) VALUES ('1671223618.172359','dodi1671223618.170639');INSERT INTO Sell_TXN (txn_id, user_id) VALUES ('1671223618.172359',(SELECT user_id FROM NFT_owned where token_id = 'LPdzzFxqrSUCGlAK'));
UPDATE NFT_owned SET user_id = 'dodi1671223618.170639' WHERE token_id = 'LPdzzFxqrSUCGlAK';
INSERT INTO Transactions_contains (txn_id, amount, status, token_id) VALUES ('1671223618.172363',27,True,'vnRUYcxnZfyhiqnP');
INSERT INTO Buy_TXN (txn_id, user_id) VALUES ('1671223618.172363','tes1671223618.170784');INSERT INTO Sell_TXN (txn_id, user_id) VALUES ('1671223618.172363',(SELECT user_id FROM NFT_owned where token_id = 'vnRUYcxnZfyhiqnP'));
UPDATE NFT_owned SET user_id = 'tes1671223618.170784' WHERE token_id = 'vnRUYcxnZfyhiqnP';
INSERT INTO Transactions_contains (txn_id, amount, status, token_id) VALUES ('1671223618.172367',82,True,'UweLIbtFAmMqbPll');
INSERT INTO Buy_TXN (txn_id, user_id) VALUES ('1671223618.172367','vest1671223618.170572');INSERT INTO Sell_TXN (txn_id, user_id) VALUES ('1671223618.172367',(SELECT user_id FROM NFT_owned where token_id = 'UweLIbtFAmMqbPll'));
UPDATE NFT_owned SET user_id = 'vest1671223618.170572' WHERE token_id = 'UweLIbtFAmMqbPll';
INSERT INTO Transactions_contains (txn_id, amount, status, token_id) VALUES ('1671223618.172371',69,True,'VBsIOoXMShyjRxYk');
INSERT INTO Buy_TXN (txn_id, user_id) VALUES ('1671223618.172371','celin1671223618.170803');INSERT INTO Sell_TXN (txn_id, user_id) VALUES ('1671223618.172371',(SELECT user_id FROM NFT_owned where token_id = 'VBsIOoXMShyjRxYk'));
UPDATE NFT_owned SET user_id = 'celin1671223618.170803' WHERE token_id = 'VBsIOoXMShyjRxYk';
INSERT INTO Transactions_contains (txn_id, amount, status, token_id) VALUES ('1671223618.172375',40,True,'DdyvHKOuWDOxuiJV');
INSERT INTO Buy_TXN (txn_id, user_id) VALUES ('1671223618.172375','mont1671223618.170655');INSERT INTO Sell_TXN (txn_id, user_id) VALUES ('1671223618.172375',(SELECT user_id FROM NFT_owned where token_id = 'DdyvHKOuWDOxuiJV'));
UPDATE NFT_owned SET user_id = 'mont1671223618.170655' WHERE token_id = 'DdyvHKOuWDOxuiJV';
INSERT INTO Transactions_contains (txn_id, amount, status, token_id) VALUES ('1671223618.172379',91,True,'bfYaZxHTlyhBYlaZ');
INSERT INTO Buy_TXN (txn_id, user_id) VALUES ('1671223618.172379','leatric1671223618.17069');INSERT INTO Sell_TXN (txn_id, user_id) VALUES ('1671223618.172379',(SELECT user_id FROM NFT_owned where token_id = 'bfYaZxHTlyhBYlaZ'));
UPDATE NFT_owned SET user_id = 'leatric1671223618.17069' WHERE token_id = 'bfYaZxHTlyhBYlaZ';
INSERT INTO Transactions_contains (txn_id, amount, status, token_id) VALUES ('1671223618.172383',67,True,'FOJtYJPJanXIzyQf');
INSERT INTO Buy_TXN (txn_id, user_id) VALUES ('1671223618.172383','consuel1671223618.170765');INSERT INTO Sell_TXN (txn_id, user_id) VALUES ('1671223618.172383',(SELECT user_id FROM NFT_owned where token_id = 'FOJtYJPJanXIzyQf'));
UPDATE NFT_owned SET user_id = 'consuel1671223618.170765' WHERE token_id = 'FOJtYJPJanXIzyQf';
INSERT INTO Transactions_contains (txn_id, amount, status, token_id) VALUES ('1671223618.172388',96,True,'GPFDdwVrRNXSzjCv');
INSERT INTO Buy_TXN (txn_id, user_id) VALUES ('1671223618.172388','adalbert1671223618.170672');INSERT INTO Sell_TXN (txn_id, user_id) VALUES ('1671223618.172388',(SELECT user_id FROM NFT_owned where token_id = 'GPFDdwVrRNXSzjCv'));
UPDATE NFT_owned SET user_id = 'adalbert1671223618.170672' WHERE token_id = 'GPFDdwVrRNXSzjCv';
INSERT INTO Transactions_contains (txn_id, amount, status, token_id) VALUES ('1671223618.172392',63,True,'dmBNLlGqVGJmMNIx');
INSERT INTO Buy_TXN (txn_id, user_id) VALUES ('1671223618.172392','presto1671223618.170774');INSERT INTO Sell_TXN (txn_id, user_id) VALUES ('1671223618.172392',(SELECT user_id FROM NFT_owned where token_id = 'dmBNLlGqVGJmMNIx'));
UPDATE NFT_owned SET user_id = 'presto1671223618.170774' WHERE token_id = 'dmBNLlGqVGJmMNIx';
INSERT INTO Transactions_contains (txn_id, amount, status, token_id) VALUES ('1671223618.172396',86,True,'NCoAGVbCVojoMJnn');
INSERT INTO Buy_TXN (txn_id, user_id) VALUES ('1671223618.172396','delme1671223618.170581');INSERT INTO Sell_TXN (txn_id, user_id) VALUES ('1671223618.172396',(SELECT user_id FROM NFT_owned where token_id = 'NCoAGVbCVojoMJnn'));
UPDATE NFT_owned SET user_id = 'delme1671223618.170581' WHERE token_id = 'NCoAGVbCVojoMJnn';
INSERT INTO Transactions_contains (txn_id, amount, status, token_id) VALUES ('1671223618.172401',82,True,'DReUUSzykHYLWgNI');
INSERT INTO Buy_TXN (txn_id, user_id) VALUES ('1671223618.172401','dal1671223618.170537');INSERT INTO Sell_TXN (txn_id, user_id) VALUES ('1671223618.172401',(SELECT user_id FROM NFT_owned where token_id = 'DReUUSzykHYLWgNI'));
UPDATE NFT_owned SET user_id = 'dal1671223618.170537' WHERE token_id = 'DReUUSzykHYLWgNI';
INSERT INTO Transactions_contains (txn_id, amount, status, token_id) VALUES ('1671223618.172425',44,True,'cJjKJSIHqtvErQwP');
INSERT INTO Buy_TXN (txn_id, user_id) VALUES ('1671223618.172425','wanit1671223618.170727');INSERT INTO Sell_TXN (txn_id, user_id) VALUES ('1671223618.172425',(SELECT user_id FROM NFT_owned where token_id = 'cJjKJSIHqtvErQwP'));
UPDATE NFT_owned SET user_id = 'wanit1671223618.170727' WHERE token_id = 'cJjKJSIHqtvErQwP';
INSERT INTO Transactions_contains (txn_id, amount, status, token_id) VALUES ('1671223618.17243',82,True,'XkHzgwYifHicGWLe');
INSERT INTO Buy_TXN (txn_id, user_id) VALUES ('1671223618.17243','alexi1671223618.170681');INSERT INTO Sell_TXN (txn_id, user_id) VALUES ('1671223618.17243',(SELECT user_id FROM NFT_owned where token_id = 'XkHzgwYifHicGWLe'));
UPDATE NFT_owned SET user_id = 'alexi1671223618.170681' WHERE token_id = 'XkHzgwYifHicGWLe';
INSERT INTO Transactions_contains (txn_id, amount, status, token_id) VALUES ('1671223618.172434',35,True,'UYsnMNNgrVnkDiII');
INSERT INTO Buy_TXN (txn_id, user_id) VALUES ('1671223618.172434','karin1671223618.170526');INSERT INTO Sell_TXN (txn_id, user_id) VALUES ('1671223618.172434',(SELECT user_id FROM NFT_owned where token_id = 'UYsnMNNgrVnkDiII'));
UPDATE NFT_owned SET user_id = 'karin1671223618.170526' WHERE token_id = 'UYsnMNNgrVnkDiII';
INSERT INTO Transactions_contains (txn_id, amount, status, token_id) VALUES ('1671223618.172438',96,True,'MybIwiJAzDDFxdZR');
INSERT INTO Buy_TXN (txn_id, user_id) VALUES ('1671223618.172438','delan1671223618.170708');INSERT INTO Sell_TXN (txn_id, user_id) VALUES ('1671223618.172438',(SELECT user_id FROM NFT_owned where token_id = 'MybIwiJAzDDFxdZR'));
UPDATE NFT_owned SET user_id = 'delan1671223618.170708' WHERE token_id = 'MybIwiJAzDDFxdZR';
INSERT INTO Transactions_contains (txn_id, amount, status, token_id) VALUES ('1671223618.172442',39,True,'ovQjVwjZEZSBhSSZ');
INSERT INTO Buy_TXN (txn_id, user_id) VALUES ('1671223618.172442','vest1671223618.170572');INSERT INTO Sell_TXN (txn_id, user_id) VALUES ('1671223618.172442',(SELECT user_id FROM NFT_owned where token_id = 'ovQjVwjZEZSBhSSZ'));
UPDATE NFT_owned SET user_id = 'vest1671223618.170572' WHERE token_id = 'ovQjVwjZEZSBhSSZ';
INSERT INTO Transactions_contains (txn_id, amount, status, token_id) VALUES ('1671223618.172446',42,True,'zkJPhWaGvrHPelsz');
INSERT INTO Buy_TXN (txn_id, user_id) VALUES ('1671223618.172446','myro1671223618.170699');INSERT INTO Sell_TXN (txn_id, user_id) VALUES ('1671223618.172446',(SELECT user_id FROM NFT_owned where token_id = 'zkJPhWaGvrHPelsz'));
UPDATE NFT_owned SET user_id = 'myro1671223618.170699' WHERE token_id = 'zkJPhWaGvrHPelsz';
INSERT INTO Transactions_contains (txn_id, amount, status, token_id) VALUES ('1671223618.172451',7,True,'dDKPHDnmNOwiqFue');
INSERT INTO Buy_TXN (txn_id, user_id) VALUES ('1671223618.172451','candac1671223618.170631');INSERT INTO Sell_TXN (txn_id, user_id) VALUES ('1671223618.172451',(SELECT user_id FROM NFT_owned where token_id = 'dDKPHDnmNOwiqFue'));
UPDATE NFT_owned SET user_id = 'candac1671223618.170631' WHERE token_id = 'dDKPHDnmNOwiqFue';
INSERT INTO Transactions_contains (txn_id, amount, status, token_id) VALUES ('1671223618.172455',99,True,'kteGROiWDApxTPrY');
INSERT INTO Buy_TXN (txn_id, user_id) VALUES ('1671223618.172455','consuel1671223618.170765');INSERT INTO Sell_TXN (txn_id, user_id) VALUES ('1671223618.172455',(SELECT user_id FROM NFT_owned where token_id = 'kteGROiWDApxTPrY'));
UPDATE NFT_owned SET user_id = 'consuel1671223618.170765' WHERE token_id = 'kteGROiWDApxTPrY';
INSERT INTO Transactions_contains (txn_id, amount, status, token_id) VALUES ('1671223618.17246',54,True,'DirYRIhhKvWSrall');
INSERT INTO Buy_TXN (txn_id, user_id) VALUES ('1671223618.17246','elenor1671223618.170556');INSERT INTO Sell_TXN (txn_id, user_id) VALUES ('1671223618.17246',(SELECT user_id FROM NFT_owned where token_id = 'DirYRIhhKvWSrall'));
UPDATE NFT_owned SET user_id = 'elenor1671223618.170556' WHERE token_id = 'DirYRIhhKvWSrall';
INSERT INTO Transactions_contains (txn_id, amount, status, token_id) VALUES ('1671223618.172464',30,True,'hnyHCjpeaZYDXGYZ');
INSERT INTO Buy_TXN (txn_id, user_id) VALUES ('1671223618.172464','ut1671223618.170547');INSERT INTO Sell_TXN (txn_id, user_id) VALUES ('1671223618.172464',(SELECT user_id FROM NFT_owned where token_id = 'hnyHCjpeaZYDXGYZ'));
UPDATE NFT_owned SET user_id = 'ut1671223618.170547' WHERE token_id = 'hnyHCjpeaZYDXGYZ';
INSERT INTO Transactions_contains (txn_id, amount, status, token_id) VALUES ('1671223618.172468',20,True,'AgqKZYvJOPwxkKzD');
INSERT INTO Buy_TXN (txn_id, user_id) VALUES ('1671223618.172468','h1671223618.170495');INSERT INTO Sell_TXN (txn_id, user_id) VALUES ('1671223618.172468',(SELECT user_id FROM NFT_owned where token_id = 'AgqKZYvJOPwxkKzD'));
UPDATE NFT_owned SET user_id = 'h1671223618.170495' WHERE token_id = 'AgqKZYvJOPwxkKzD';
INSERT INTO Transactions_contains (txn_id, amount, status, token_id) VALUES ('1671223618.172472',90,True,'GQXNILbdmPpSiyde');
INSERT INTO Buy_TXN (txn_id, user_id) VALUES ('1671223618.172472','katerin1671223618.170717');INSERT INTO Sell_TXN (txn_id, user_id) VALUES ('1671223618.172472',(SELECT user_id FROM NFT_owned where token_id = 'GQXNILbdmPpSiyde'));
UPDATE NFT_owned SET user_id = 'katerin1671223618.170717' WHERE token_id = 'GQXNILbdmPpSiyde';
INSERT INTO Transactions_contains (txn_id, amount, status, token_id) VALUES ('1671223618.172476',18,True,'GpVpcommmgyGqbLD');
INSERT INTO Buy_TXN (txn_id, user_id) VALUES ('1671223618.172476','consuel1671223618.170765');INSERT INTO Sell_TXN (txn_id, user_id) VALUES ('1671223618.172476',(SELECT user_id FROM NFT_owned where token_id = 'GpVpcommmgyGqbLD'));
UPDATE NFT_owned SET user_id = 'consuel1671223618.170765' WHERE token_id = 'GpVpcommmgyGqbLD';
INSERT INTO Transactions_contains (txn_id, amount, status, token_id) VALUES ('1671223618.17248',3,True,'kLcuBFbFsLhMxCMa');
INSERT INTO Buy_TXN (txn_id, user_id) VALUES ('1671223618.17248','dal1671223618.170537');INSERT INTO Sell_TXN (txn_id, user_id) VALUES ('1671223618.17248',(SELECT user_id FROM NFT_owned where token_id = 'kLcuBFbFsLhMxCMa'));
UPDATE NFT_owned SET user_id = 'dal1671223618.170537' WHERE token_id = 'kLcuBFbFsLhMxCMa';
INSERT INTO Transactions_contains (txn_id, amount, status, token_id) VALUES ('1671223618.172484',1,True,'EPTkEDrFzsIQZvQA');
INSERT INTO Buy_TXN (txn_id, user_id) VALUES ('1671223618.172484','dodi1671223618.170639');INSERT INTO Sell_TXN (txn_id, user_id) VALUES ('1671223618.172484',(SELECT user_id FROM NFT_owned where token_id = 'EPTkEDrFzsIQZvQA'));
UPDATE NFT_owned SET user_id = 'dodi1671223618.170639' WHERE token_id = 'EPTkEDrFzsIQZvQA';
INSERT INTO Transactions_contains (txn_id, amount, status, token_id) VALUES ('1671223618.172488',82,True,'sXuBjGJBWGNJHdfC');
INSERT INTO Buy_TXN (txn_id, user_id) VALUES ('1671223618.172488','buff1671223618.170613');INSERT INTO Sell_TXN (txn_id, user_id) VALUES ('1671223618.172488',(SELECT user_id FROM NFT_owned where token_id = 'sXuBjGJBWGNJHdfC'));
UPDATE NFT_owned SET user_id = 'buff1671223618.170613' WHERE token_id = 'sXuBjGJBWGNJHdfC';
INSERT INTO Transactions_contains (txn_id, amount, status, token_id) VALUES ('1671223618.172492',24,True,'mMYWbKPDrtHSdGeF');
INSERT INTO Buy_TXN (txn_id, user_id) VALUES ('1671223618.172492','susann1671223618.170794');INSERT INTO Sell_TXN (txn_id, user_id) VALUES ('1671223618.172492',(SELECT user_id FROM NFT_owned where token_id = 'mMYWbKPDrtHSdGeF'));
UPDATE NFT_owned SET user_id = 'susann1671223618.170794' WHERE token_id = 'mMYWbKPDrtHSdGeF';
INSERT INTO Transactions_contains (txn_id, amount, status, token_id) VALUES ('1671223618.172497',71,True,'dDcUSxCvIKTThjXM');
INSERT INTO Buy_TXN (txn_id, user_id) VALUES ('1671223618.172497','celin1671223618.170803');INSERT INTO Sell_TXN (txn_id, user_id) VALUES ('1671223618.172497',(SELECT user_id FROM NFT_owned where token_id = 'dDcUSxCvIKTThjXM'));
UPDATE NFT_owned SET user_id = 'celin1671223618.170803' WHERE token_id = 'dDcUSxCvIKTThjXM';
INSERT INTO Transactions_contains (txn_id, amount, status, token_id) VALUES ('1671223618.172513',82,True,'AuLXEDswJamWxXtO');
INSERT INTO Buy_TXN (txn_id, user_id) VALUES ('1671223618.172513','wanit1671223618.170727');INSERT INTO Sell_TXN (txn_id, user_id) VALUES ('1671223618.172513',(SELECT user_id FROM NFT_owned where token_id = 'AuLXEDswJamWxXtO'));
UPDATE NFT_owned SET user_id = 'wanit1671223618.170727' WHERE token_id = 'AuLXEDswJamWxXtO';
INSERT INTO Transactions_contains (txn_id, amount, status, token_id) VALUES ('1671223618.172517',84,True,'WilbGQawnMRnNrzf');
INSERT INTO Buy_TXN (txn_id, user_id) VALUES ('1671223618.172517','celin1671223618.170803');INSERT INTO Sell_TXN (txn_id, user_id) VALUES ('1671223618.172517',(SELECT user_id FROM NFT_owned where token_id = 'WilbGQawnMRnNrzf'));
UPDATE NFT_owned SET user_id = 'celin1671223618.170803' WHERE token_id = 'WilbGQawnMRnNrzf';
INSERT INTO Transactions_contains (txn_id, amount, status, token_id) VALUES ('1671223618.172522',37,True,'ApHbfRvVgHXDeUja');
INSERT INTO Buy_TXN (txn_id, user_id) VALUES ('1671223618.172522','alexi1671223618.170681');INSERT INTO Sell_TXN (txn_id, user_id) VALUES ('1671223618.172522',(SELECT user_id FROM NFT_owned where token_id = 'ApHbfRvVgHXDeUja'));
UPDATE NFT_owned SET user_id = 'alexi1671223618.170681' WHERE token_id = 'ApHbfRvVgHXDeUja';
INSERT INTO Transactions_contains (txn_id, amount, status, token_id) VALUES ('1671223618.172526',64,True,'uvSMdbZdUDOzCOfY');
INSERT INTO Buy_TXN (txn_id, user_id) VALUES ('1671223618.172526','wanit1671223618.170727');INSERT INTO Sell_TXN (txn_id, user_id) VALUES ('1671223618.172526',(SELECT user_id FROM NFT_owned where token_id = 'uvSMdbZdUDOzCOfY'));
UPDATE NFT_owned SET user_id = 'wanit1671223618.170727' WHERE token_id = 'uvSMdbZdUDOzCOfY';
INSERT INTO Transactions_contains (txn_id, amount, status, token_id) VALUES ('1671223618.17253',4,True,'SrAqBSdKuJixOJPe');
INSERT INTO Buy_TXN (txn_id, user_id) VALUES ('1671223618.17253','presto1671223618.170774');INSERT INTO Sell_TXN (txn_id, user_id) VALUES ('1671223618.17253',(SELECT user_id FROM NFT_owned where token_id = 'SrAqBSdKuJixOJPe'));
UPDATE NFT_owned SET user_id = 'presto1671223618.170774' WHERE token_id = 'SrAqBSdKuJixOJPe';
INSERT INTO Transactions_contains (txn_id, amount, status, token_id) VALUES ('1671223618.172534',92,True,'qpQXPZEZKGgfxpQI');
INSERT INTO Buy_TXN (txn_id, user_id) VALUES ('1671223618.172534','katerin1671223618.170717');INSERT INTO Sell_TXN (txn_id, user_id) VALUES ('1671223618.172534',(SELECT user_id FROM NFT_owned where token_id = 'qpQXPZEZKGgfxpQI'));
UPDATE NFT_owned SET user_id = 'katerin1671223618.170717' WHERE token_id = 'qpQXPZEZKGgfxpQI';
INSERT INTO Transactions_contains (txn_id, amount, status, token_id) VALUES ('1671223618.172538',44,True,'hWPmMPlIzxssdEkk');
INSERT INTO Buy_TXN (txn_id, user_id) VALUES ('1671223618.172538','dawn1671223618.170811');INSERT INTO Sell_TXN (txn_id, user_id) VALUES ('1671223618.172538',(SELECT user_id FROM NFT_owned where token_id = 'hWPmMPlIzxssdEkk'));
UPDATE NFT_owned SET user_id = 'dawn1671223618.170811' WHERE token_id = 'hWPmMPlIzxssdEkk';
INSERT INTO Transactions_contains (txn_id, amount, status, token_id) VALUES ('1671223618.172542',14,True,'nssPtfICBiRrWtev');
INSERT INTO Buy_TXN (txn_id, user_id) VALUES ('1671223618.172542','dal1671223618.170537');INSERT INTO Sell_TXN (txn_id, user_id) VALUES ('1671223618.172542',(SELECT user_id FROM NFT_owned where token_id = 'nssPtfICBiRrWtev'));
UPDATE NFT_owned SET user_id = 'dal1671223618.170537' WHERE token_id = 'nssPtfICBiRrWtev';
INSERT INTO Transactions_contains (txn_id, amount, status, token_id) VALUES ('1671223618.172546',59,True,'GBFpBdCqiPqdbttO');
INSERT INTO Buy_TXN (txn_id, user_id) VALUES ('1671223618.172546','dal1671223618.170537');INSERT INTO Sell_TXN (txn_id, user_id) VALUES ('1671223618.172546',(SELECT user_id FROM NFT_owned where token_id = 'GBFpBdCqiPqdbttO'));
UPDATE NFT_owned SET user_id = 'dal1671223618.170537' WHERE token_id = 'GBFpBdCqiPqdbttO';
INSERT INTO Transactions_contains (txn_id, amount, status, token_id) VALUES ('1671223618.17255',50,True,'PusvsPDZxWFRrkDt');
INSERT INTO Buy_TXN (txn_id, user_id) VALUES ('1671223618.17255','ut1671223618.170547');INSERT INTO Sell_TXN (txn_id, user_id) VALUES ('1671223618.17255',(SELECT user_id FROM NFT_owned where token_id = 'PusvsPDZxWFRrkDt'));
UPDATE NFT_owned SET user_id = 'ut1671223618.170547' WHERE token_id = 'PusvsPDZxWFRrkDt';
INSERT INTO Transactions_contains (txn_id, amount, status, token_id) VALUES ('1671223618.172554',89,True,'abZYuzjkoVEaDzUj');
INSERT INTO Buy_TXN (txn_id, user_id) VALUES ('1671223618.172554','susann1671223618.170794');INSERT INTO Sell_TXN (txn_id, user_id) VALUES ('1671223618.172554',(SELECT user_id FROM NFT_owned where token_id = 'abZYuzjkoVEaDzUj'));
UPDATE NFT_owned SET user_id = 'susann1671223618.170794' WHERE token_id = 'abZYuzjkoVEaDzUj';
INSERT INTO Transactions_contains (txn_id, amount, status, token_id) VALUES ('1671223618.172558',92,True,'gZkkcaWNsSpPebWp');
INSERT INTO Buy_TXN (txn_id, user_id) VALUES ('1671223618.172558','karin1671223618.170526');INSERT INTO Sell_TXN (txn_id, user_id) VALUES ('1671223618.172558',(SELECT user_id FROM NFT_owned where token_id = 'gZkkcaWNsSpPebWp'));
UPDATE NFT_owned SET user_id = 'karin1671223618.170526' WHERE token_id = 'gZkkcaWNsSpPebWp';
INSERT INTO Transactions_contains (txn_id, amount, status, token_id) VALUES ('1671223618.172562',86,True,'uVtrOhyHQDmeAxdu');
INSERT INTO Buy_TXN (txn_id, user_id) VALUES ('1671223618.172562','elenor1671223618.170556');INSERT INTO Sell_TXN (txn_id, user_id) VALUES ('1671223618.172562',(SELECT user_id FROM NFT_owned where token_id = 'uVtrOhyHQDmeAxdu'));
UPDATE NFT_owned SET user_id = 'elenor1671223618.170556' WHERE token_id = 'uVtrOhyHQDmeAxdu';

