INSERT INTO Account (user_id, name, age) VALUES ('claris1671218302.599323', 'Claris Ripso','24');
INSERT INTO Audit (audit_id,audit_description, audit_path, audit_timestamp) VALUES ('1671218302.59936','Account Created', 'Audit/_Account_Log',now());
INSERT INTO Account_Log (audit_id,user_id) VALUES ('1671218302.59936','claris1671218302.599323');
INSERT INTO Account (user_id, name, age) VALUES ('barbar1671218302.599366', 'Barbar Niggeman','22');
INSERT INTO Audit (audit_id,audit_description, audit_path, audit_timestamp) VALUES ('1671218302.59937','Account Created', 'Audit/_Account_Log',now());
INSERT INTO Account_Log (audit_id,user_id) VALUES ('1671218302.59937','barbar1671218302.599366');
INSERT INTO Account (user_id, name, age) VALUES ('soo1671218302.599375', 'Soo Cheatwoo','20');
INSERT INTO Audit (audit_id,audit_description, audit_path, audit_timestamp) VALUES ('1671218302.599378','Account Created', 'Audit/_Account_Log',now());
INSERT INTO Account_Log (audit_id,user_id) VALUES ('1671218302.599378','soo1671218302.599375');
INSERT INTO Account (user_id, name, age) VALUES ('irwi1671218302.599384', 'Irwi Delphi','21');
INSERT INTO Audit (audit_id,audit_description, audit_path, audit_timestamp) VALUES ('1671218302.599387','Account Created', 'Audit/_Account_Log',now());
INSERT INTO Account_Log (audit_id,user_id) VALUES ('1671218302.599387','irwi1671218302.599384');
INSERT INTO Account (user_id, name, age) VALUES ('al1671218302.599391', 'Al Ryo','28');
INSERT INTO Audit (audit_id,audit_description, audit_path, audit_timestamp) VALUES ('1671218302.599394','Account Created', 'Audit/_Account_Log',now());
INSERT INTO Account_Log (audit_id,user_id) VALUES ('1671218302.599394','al1671218302.599391');
INSERT INTO Account (user_id, name, age) VALUES ('linwoo1671218302.599399', 'Linwoo Fonne','22');
INSERT INTO Audit (audit_id,audit_description, audit_path, audit_timestamp) VALUES ('1671218302.599401','Account Created', 'Audit/_Account_Log',now());
INSERT INTO Account_Log (audit_id,user_id) VALUES ('1671218302.599401','linwoo1671218302.599399');
INSERT INTO Account (user_id, name, age) VALUES ('maurin1671218302.599407', 'Maurin Fornatar','30');
INSERT INTO Audit (audit_id,audit_description, audit_path, audit_timestamp) VALUES ('1671218302.59941','Account Created', 'Audit/_Account_Log',now());
INSERT INTO Account_Log (audit_id,user_id) VALUES ('1671218302.59941','maurin1671218302.599407');
INSERT INTO Account (user_id, name, age) VALUES ('jolen1671218302.599414', 'Jolen Nagaraja','29');
INSERT INTO Audit (audit_id,audit_description, audit_path, audit_timestamp) VALUES ('1671218302.599417','Account Created', 'Audit/_Account_Log',now());
INSERT INTO Account_Log (audit_id,user_id) VALUES ('1671218302.599417','jolen1671218302.599414');
INSERT INTO Account (user_id, name, age) VALUES ('reyn1671218302.599421', 'Reyn Elhar','28');
INSERT INTO Audit (audit_id,audit_description, audit_path, audit_timestamp) VALUES ('1671218302.599424','Account Created', 'Audit/_Account_Log',now());
INSERT INTO Account_Log (audit_id,user_id) VALUES ('1671218302.599424','reyn1671218302.599421');
INSERT INTO Account (user_id, name, age) VALUES ('rond1671218302.59943', 'Rond Finnefroc','22');
INSERT INTO Audit (audit_id,audit_description, audit_path, audit_timestamp) VALUES ('1671218302.599433','Account Created', 'Audit/_Account_Log',now());
INSERT INTO Account_Log (audit_id,user_id) VALUES ('1671218302.599433','rond1671218302.59943');
INSERT INTO Account (user_id, name, age) VALUES ('tond1671218302.599437', 'Tond Weitzma','30');
INSERT INTO Audit (audit_id,audit_description, audit_path, audit_timestamp) VALUES ('1671218302.59944','Account Created', 'Audit/_Account_Log',now());
INSERT INTO Account_Log (audit_id,user_id) VALUES ('1671218302.59944','tond1671218302.599437');
INSERT INTO Account (user_id, name, age) VALUES ('yvett1671218302.599445', 'Yvett Larochell','29');
INSERT INTO Audit (audit_id,audit_description, audit_path, audit_timestamp) VALUES ('1671218302.599448','Account Created', 'Audit/_Account_Log',now());
INSERT INTO Account_Log (audit_id,user_id) VALUES ('1671218302.599448','yvett1671218302.599445');
INSERT INTO Account (user_id, name, age) VALUES ('latoy1671218302.599452', 'Latoy Cosci','30');
INSERT INTO Audit (audit_id,audit_description, audit_path, audit_timestamp) VALUES ('1671218302.599455','Account Created', 'Audit/_Account_Log',now());
INSERT INTO Account_Log (audit_id,user_id) VALUES ('1671218302.599455','latoy1671218302.599452');
INSERT INTO Account (user_id, name, age) VALUES ('leeann1671218302.599459', 'Leeann Gleav','18');
INSERT INTO Audit (audit_id,audit_description, audit_path, audit_timestamp) VALUES ('1671218302.599461','Account Created', 'Audit/_Account_Log',now());
INSERT INTO Account_Log (audit_id,user_id) VALUES ('1671218302.599461','leeann1671218302.599459');
INSERT INTO Account (user_id, name, age) VALUES ('migue1671218302.599466', 'Migue Aharo','27');
INSERT INTO Audit (audit_id,audit_description, audit_path, audit_timestamp) VALUES ('1671218302.599469','Account Created', 'Audit/_Account_Log',now());
INSERT INTO Account_Log (audit_id,user_id) VALUES ('1671218302.599469','migue1671218302.599466');
INSERT INTO Account (user_id, name, age) VALUES ('veren1671218302.599473', 'Veren Heinemeye','29');
INSERT INTO Audit (audit_id,audit_description, audit_path, audit_timestamp) VALUES ('1671218302.599476','Account Created', 'Audit/_Account_Log',now());
INSERT INTO Account_Log (audit_id,user_id) VALUES ('1671218302.599476','veren1671218302.599473');
INSERT INTO Account (user_id, name, age) VALUES ('wendi1671218302.59948', 'Wendi Elazegu','22');
INSERT INTO Audit (audit_id,audit_description, audit_path, audit_timestamp) VALUES ('1671218302.599482','Account Created', 'Audit/_Account_Log',now());
INSERT INTO Account_Log (audit_id,user_id) VALUES ('1671218302.599482','wendi1671218302.59948');
INSERT INTO Account (user_id, name, age) VALUES ('mik1671218302.599486', 'Mik Souhrad','27');
INSERT INTO Audit (audit_id,audit_description, audit_path, audit_timestamp) VALUES ('1671218302.599489','Account Created', 'Audit/_Account_Log',now());
INSERT INTO Account_Log (audit_id,user_id) VALUES ('1671218302.599489','mik1671218302.599486');
INSERT INTO Account (user_id, name, age) VALUES ('rub1671218302.599493', 'Rub Eli','27');
INSERT INTO Audit (audit_id,audit_description, audit_path, audit_timestamp) VALUES ('1671218302.599496','Account Created', 'Audit/_Account_Log',now());
INSERT INTO Account_Log (audit_id,user_id) VALUES ('1671218302.599496','rub1671218302.599493');
INSERT INTO Account (user_id, name, age) VALUES ('jacquelyn1671218302.5995', 'Jacquelyn Cre','27');
INSERT INTO Audit (audit_id,audit_description, audit_path, audit_timestamp) VALUES ('1671218302.599503','Account Created', 'Audit/_Account_Log',now());
INSERT INTO Account_Log (audit_id,user_id) VALUES ('1671218302.599503','jacquelyn1671218302.5995');
INSERT INTO Account (user_id, name, age) VALUES ('vick1671218302.599507', 'Vick Clement','29');
INSERT INTO Audit (audit_id,audit_description, audit_path, audit_timestamp) VALUES ('1671218302.599509','Account Created', 'Audit/_Account_Log',now());
INSERT INTO Account_Log (audit_id,user_id) VALUES ('1671218302.599509','vick1671218302.599507');
INSERT INTO Account (user_id, name, age) VALUES ('bra1671218302.599513', 'Bra Dage','27');
INSERT INTO Audit (audit_id,audit_description, audit_path, audit_timestamp) VALUES ('1671218302.599516','Account Created', 'Audit/_Account_Log',now());
INSERT INTO Account_Log (audit_id,user_id) VALUES ('1671218302.599516','bra1671218302.599513');
INSERT INTO Account (user_id, name, age) VALUES ('brand1671218302.599521', 'Brand Kraff','27');
INSERT INTO Audit (audit_id,audit_description, audit_path, audit_timestamp) VALUES ('1671218302.599524','Account Created', 'Audit/_Account_Log',now());
INSERT INTO Account_Log (audit_id,user_id) VALUES ('1671218302.599524','brand1671218302.599521');
INSERT INTO Account (user_id, name, age) VALUES ('marti1671218302.599528', 'Marti Sharit','24');
INSERT INTO Audit (audit_id,audit_description, audit_path, audit_timestamp) VALUES ('1671218302.599531','Account Created', 'Audit/_Account_Log',now());
INSERT INTO Account_Log (audit_id,user_id) VALUES ('1671218302.599531','marti1671218302.599528');
INSERT INTO Account (user_id, name, age) VALUES ('belind1671218302.599577', 'Belind Lininge','29');
INSERT INTO Audit (audit_id,audit_description, audit_path, audit_timestamp) VALUES ('1671218302.59958','Account Created', 'Audit/_Account_Log',now());
INSERT INTO Account_Log (audit_id,user_id) VALUES ('1671218302.59958','belind1671218302.599577');
INSERT INTO Account (user_id, name, age) VALUES ('imogen1671218302.599584', 'Imogen Strup','27');
INSERT INTO Audit (audit_id,audit_description, audit_path, audit_timestamp) VALUES ('1671218302.599587','Account Created', 'Audit/_Account_Log',now());
INSERT INTO Account_Log (audit_id,user_id) VALUES ('1671218302.599587','imogen1671218302.599584');
INSERT INTO Account (user_id, name, age) VALUES ('suz1671218302.599591', 'Suz Het','26');
INSERT INTO Audit (audit_id,audit_description, audit_path, audit_timestamp) VALUES ('1671218302.599594','Account Created', 'Audit/_Account_Log',now());
INSERT INTO Account_Log (audit_id,user_id) VALUES ('1671218302.599594','suz1671218302.599591');
INSERT INTO Account (user_id, name, age) VALUES ('lione1671218302.599598', 'Lione Ferel','21');
INSERT INTO Audit (audit_id,audit_description, audit_path, audit_timestamp) VALUES ('1671218302.5996','Account Created', 'Audit/_Account_Log',now());
INSERT INTO Account_Log (audit_id,user_id) VALUES ('1671218302.5996','lione1671218302.599598');
INSERT INTO Account (user_id, name, age) VALUES ('aleid1671218302.599605', 'Aleid Safie','29');
INSERT INTO Audit (audit_id,audit_description, audit_path, audit_timestamp) VALUES ('1671218302.599608','Account Created', 'Audit/_Account_Log',now());
INSERT INTO Account_Log (audit_id,user_id) VALUES ('1671218302.599608','aleid1671218302.599605');
INSERT INTO Account (user_id, name, age) VALUES ('lavonn1671218302.599612', 'Lavonn Nosi','24');
INSERT INTO Audit (audit_id,audit_description, audit_path, audit_timestamp) VALUES ('1671218302.599615','Account Created', 'Audit/_Account_Log',now());
INSERT INTO Account_Log (audit_id,user_id) VALUES ('1671218302.599615','lavonn1671218302.599612');

INSERT INTO Login_requires (login_id, password, security_question, security_answer, user_id) VALUES ('claris1671218302.599323', 'password123','What is the name of your pet?','Tom','claris1671218302.599323');
INSERT INTO Audit (audit_id,audit_description, audit_path, audit_timestamp) VALUES ('1671218302.599726','Login Created', 'Audit/_Login_Log',now());
INSERT INTO Login_Log (audit_id,login_id) VALUES ('1671218302.599726','claris1671218302.599323');
INSERT INTO Login_requires (login_id, password, security_question, security_answer, user_id) VALUES ('barbar1671218302.599366', 'password123','What is the name of your pet?','Tom','barbar1671218302.599366');
INSERT INTO Audit (audit_id,audit_description, audit_path, audit_timestamp) VALUES ('1671218302.59973','Login Created', 'Audit/_Login_Log',now());
INSERT INTO Login_Log (audit_id,login_id) VALUES ('1671218302.59973','barbar1671218302.599366');
INSERT INTO Login_requires (login_id, password, security_question, security_answer, user_id) VALUES ('soo1671218302.599375', 'password123','What is the name of your pet?','Tom','soo1671218302.599375');
INSERT INTO Audit (audit_id,audit_description, audit_path, audit_timestamp) VALUES ('1671218302.599732','Login Created', 'Audit/_Login_Log',now());
INSERT INTO Login_Log (audit_id,login_id) VALUES ('1671218302.599732','soo1671218302.599375');
INSERT INTO Login_requires (login_id, password, security_question, security_answer, user_id) VALUES ('irwi1671218302.599384', 'password123','What is the name of your pet?','Tom','irwi1671218302.599384');
INSERT INTO Audit (audit_id,audit_description, audit_path, audit_timestamp) VALUES ('1671218302.599735','Login Created', 'Audit/_Login_Log',now());
INSERT INTO Login_Log (audit_id,login_id) VALUES ('1671218302.599735','irwi1671218302.599384');
INSERT INTO Login_requires (login_id, password, security_question, security_answer, user_id) VALUES ('al1671218302.599391', 'password123','What is the name of your pet?','Tom','al1671218302.599391');
INSERT INTO Audit (audit_id,audit_description, audit_path, audit_timestamp) VALUES ('1671218302.599737','Login Created', 'Audit/_Login_Log',now());
INSERT INTO Login_Log (audit_id,login_id) VALUES ('1671218302.599737','al1671218302.599391');
INSERT INTO Login_requires (login_id, password, security_question, security_answer, user_id) VALUES ('linwoo1671218302.599399', 'password123','What is the name of your pet?','Tom','linwoo1671218302.599399');
INSERT INTO Audit (audit_id,audit_description, audit_path, audit_timestamp) VALUES ('1671218302.599739','Login Created', 'Audit/_Login_Log',now());
INSERT INTO Login_Log (audit_id,login_id) VALUES ('1671218302.599739','linwoo1671218302.599399');
INSERT INTO Login_requires (login_id, password, security_question, security_answer, user_id) VALUES ('maurin1671218302.599407', 'password123','What is the name of your pet?','Tom','maurin1671218302.599407');
INSERT INTO Audit (audit_id,audit_description, audit_path, audit_timestamp) VALUES ('1671218302.599742','Login Created', 'Audit/_Login_Log',now());
INSERT INTO Login_Log (audit_id,login_id) VALUES ('1671218302.599742','maurin1671218302.599407');
INSERT INTO Login_requires (login_id, password, security_question, security_answer, user_id) VALUES ('jolen1671218302.599414', 'password123','What is the name of your pet?','Tom','jolen1671218302.599414');
INSERT INTO Audit (audit_id,audit_description, audit_path, audit_timestamp) VALUES ('1671218302.599744','Login Created', 'Audit/_Login_Log',now());
INSERT INTO Login_Log (audit_id,login_id) VALUES ('1671218302.599744','jolen1671218302.599414');
INSERT INTO Login_requires (login_id, password, security_question, security_answer, user_id) VALUES ('reyn1671218302.599421', 'password123','What is the name of your pet?','Tom','reyn1671218302.599421');
INSERT INTO Audit (audit_id,audit_description, audit_path, audit_timestamp) VALUES ('1671218302.599747','Login Created', 'Audit/_Login_Log',now());
INSERT INTO Login_Log (audit_id,login_id) VALUES ('1671218302.599747','reyn1671218302.599421');
INSERT INTO Login_requires (login_id, password, security_question, security_answer, user_id) VALUES ('rond1671218302.59943', 'password123','What is the name of your pet?','Tom','rond1671218302.59943');
INSERT INTO Audit (audit_id,audit_description, audit_path, audit_timestamp) VALUES ('1671218302.599749','Login Created', 'Audit/_Login_Log',now());
INSERT INTO Login_Log (audit_id,login_id) VALUES ('1671218302.599749','rond1671218302.59943');
INSERT INTO Login_requires (login_id, password, security_question, security_answer, user_id) VALUES ('tond1671218302.599437', 'password123','What is the name of your pet?','Tom','tond1671218302.599437');
INSERT INTO Audit (audit_id,audit_description, audit_path, audit_timestamp) VALUES ('1671218302.599751','Login Created', 'Audit/_Login_Log',now());
INSERT INTO Login_Log (audit_id,login_id) VALUES ('1671218302.599751','tond1671218302.599437');
INSERT INTO Login_requires (login_id, password, security_question, security_answer, user_id) VALUES ('yvett1671218302.599445', 'password123','What is the name of your pet?','Tom','yvett1671218302.599445');
INSERT INTO Audit (audit_id,audit_description, audit_path, audit_timestamp) VALUES ('1671218302.599753','Login Created', 'Audit/_Login_Log',now());
INSERT INTO Login_Log (audit_id,login_id) VALUES ('1671218302.599753','yvett1671218302.599445');
INSERT INTO Login_requires (login_id, password, security_question, security_answer, user_id) VALUES ('latoy1671218302.599452', 'password123','What is the name of your pet?','Tom','latoy1671218302.599452');
INSERT INTO Audit (audit_id,audit_description, audit_path, audit_timestamp) VALUES ('1671218302.599756','Login Created', 'Audit/_Login_Log',now());
INSERT INTO Login_Log (audit_id,login_id) VALUES ('1671218302.599756','latoy1671218302.599452');
INSERT INTO Login_requires (login_id, password, security_question, security_answer, user_id) VALUES ('leeann1671218302.599459', 'password123','What is the name of your pet?','Tom','leeann1671218302.599459');
INSERT INTO Audit (audit_id,audit_description, audit_path, audit_timestamp) VALUES ('1671218302.599758','Login Created', 'Audit/_Login_Log',now());
INSERT INTO Login_Log (audit_id,login_id) VALUES ('1671218302.599758','leeann1671218302.599459');
INSERT INTO Login_requires (login_id, password, security_question, security_answer, user_id) VALUES ('migue1671218302.599466', 'password123','What is the name of your pet?','Tom','migue1671218302.599466');
INSERT INTO Audit (audit_id,audit_description, audit_path, audit_timestamp) VALUES ('1671218302.59976','Login Created', 'Audit/_Login_Log',now());
INSERT INTO Login_Log (audit_id,login_id) VALUES ('1671218302.59976','migue1671218302.599466');
INSERT INTO Login_requires (login_id, password, security_question, security_answer, user_id) VALUES ('veren1671218302.599473', 'password123','What is the name of your pet?','Tom','veren1671218302.599473');
INSERT INTO Audit (audit_id,audit_description, audit_path, audit_timestamp) VALUES ('1671218302.599762','Login Created', 'Audit/_Login_Log',now());
INSERT INTO Login_Log (audit_id,login_id) VALUES ('1671218302.599762','veren1671218302.599473');
INSERT INTO Login_requires (login_id, password, security_question, security_answer, user_id) VALUES ('wendi1671218302.59948', 'password123','What is the name of your pet?','Tom','wendi1671218302.59948');
INSERT INTO Audit (audit_id,audit_description, audit_path, audit_timestamp) VALUES ('1671218302.599765','Login Created', 'Audit/_Login_Log',now());
INSERT INTO Login_Log (audit_id,login_id) VALUES ('1671218302.599765','wendi1671218302.59948');
INSERT INTO Login_requires (login_id, password, security_question, security_answer, user_id) VALUES ('mik1671218302.599486', 'password123','What is the name of your pet?','Tom','mik1671218302.599486');
INSERT INTO Audit (audit_id,audit_description, audit_path, audit_timestamp) VALUES ('1671218302.599767','Login Created', 'Audit/_Login_Log',now());
INSERT INTO Login_Log (audit_id,login_id) VALUES ('1671218302.599767','mik1671218302.599486');
INSERT INTO Login_requires (login_id, password, security_question, security_answer, user_id) VALUES ('rub1671218302.599493', 'password123','What is the name of your pet?','Tom','rub1671218302.599493');
INSERT INTO Audit (audit_id,audit_description, audit_path, audit_timestamp) VALUES ('1671218302.599787','Login Created', 'Audit/_Login_Log',now());
INSERT INTO Login_Log (audit_id,login_id) VALUES ('1671218302.599787','rub1671218302.599493');
INSERT INTO Login_requires (login_id, password, security_question, security_answer, user_id) VALUES ('jacquelyn1671218302.5995', 'password123','What is the name of your pet?','Tom','jacquelyn1671218302.5995');
INSERT INTO Audit (audit_id,audit_description, audit_path, audit_timestamp) VALUES ('1671218302.59979','Login Created', 'Audit/_Login_Log',now());
INSERT INTO Login_Log (audit_id,login_id) VALUES ('1671218302.59979','jacquelyn1671218302.5995');
INSERT INTO Login_requires (login_id, password, security_question, security_answer, user_id) VALUES ('vick1671218302.599507', 'password123','What is the name of your pet?','Tom','vick1671218302.599507');
INSERT INTO Audit (audit_id,audit_description, audit_path, audit_timestamp) VALUES ('1671218302.599792','Login Created', 'Audit/_Login_Log',now());
INSERT INTO Login_Log (audit_id,login_id) VALUES ('1671218302.599792','vick1671218302.599507');
INSERT INTO Login_requires (login_id, password, security_question, security_answer, user_id) VALUES ('bra1671218302.599513', 'password123','What is the name of your pet?','Tom','bra1671218302.599513');
INSERT INTO Audit (audit_id,audit_description, audit_path, audit_timestamp) VALUES ('1671218302.599794','Login Created', 'Audit/_Login_Log',now());
INSERT INTO Login_Log (audit_id,login_id) VALUES ('1671218302.599794','bra1671218302.599513');
INSERT INTO Login_requires (login_id, password, security_question, security_answer, user_id) VALUES ('brand1671218302.599521', 'password123','What is the name of your pet?','Tom','brand1671218302.599521');
INSERT INTO Audit (audit_id,audit_description, audit_path, audit_timestamp) VALUES ('1671218302.599796','Login Created', 'Audit/_Login_Log',now());
INSERT INTO Login_Log (audit_id,login_id) VALUES ('1671218302.599796','brand1671218302.599521');
INSERT INTO Login_requires (login_id, password, security_question, security_answer, user_id) VALUES ('marti1671218302.599528', 'password123','What is the name of your pet?','Tom','marti1671218302.599528');
INSERT INTO Audit (audit_id,audit_description, audit_path, audit_timestamp) VALUES ('1671218302.599799','Login Created', 'Audit/_Login_Log',now());
INSERT INTO Login_Log (audit_id,login_id) VALUES ('1671218302.599799','marti1671218302.599528');
INSERT INTO Login_requires (login_id, password, security_question, security_answer, user_id) VALUES ('belind1671218302.599577', 'password123','What is the name of your pet?','Tom','belind1671218302.599577');
INSERT INTO Audit (audit_id,audit_description, audit_path, audit_timestamp) VALUES ('1671218302.599801','Login Created', 'Audit/_Login_Log',now());
INSERT INTO Login_Log (audit_id,login_id) VALUES ('1671218302.599801','belind1671218302.599577');
INSERT INTO Login_requires (login_id, password, security_question, security_answer, user_id) VALUES ('imogen1671218302.599584', 'password123','What is the name of your pet?','Tom','imogen1671218302.599584');
INSERT INTO Audit (audit_id,audit_description, audit_path, audit_timestamp) VALUES ('1671218302.599803','Login Created', 'Audit/_Login_Log',now());
INSERT INTO Login_Log (audit_id,login_id) VALUES ('1671218302.599803','imogen1671218302.599584');
INSERT INTO Login_requires (login_id, password, security_question, security_answer, user_id) VALUES ('suz1671218302.599591', 'password123','What is the name of your pet?','Tom','suz1671218302.599591');
INSERT INTO Audit (audit_id,audit_description, audit_path, audit_timestamp) VALUES ('1671218302.599805','Login Created', 'Audit/_Login_Log',now());
INSERT INTO Login_Log (audit_id,login_id) VALUES ('1671218302.599805','suz1671218302.599591');
INSERT INTO Login_requires (login_id, password, security_question, security_answer, user_id) VALUES ('lione1671218302.599598', 'password123','What is the name of your pet?','Tom','lione1671218302.599598');
INSERT INTO Audit (audit_id,audit_description, audit_path, audit_timestamp) VALUES ('1671218302.599808','Login Created', 'Audit/_Login_Log',now());
INSERT INTO Login_Log (audit_id,login_id) VALUES ('1671218302.599808','lione1671218302.599598');
INSERT INTO Login_requires (login_id, password, security_question, security_answer, user_id) VALUES ('aleid1671218302.599605', 'password123','What is the name of your pet?','Tom','aleid1671218302.599605');
INSERT INTO Audit (audit_id,audit_description, audit_path, audit_timestamp) VALUES ('1671218302.59981','Login Created', 'Audit/_Login_Log',now());
INSERT INTO Login_Log (audit_id,login_id) VALUES ('1671218302.59981','aleid1671218302.599605');
INSERT INTO Login_requires (login_id, password, security_question, security_answer, user_id) VALUES ('lavonn1671218302.599612', 'password123','What is the name of your pet?','Tom','lavonn1671218302.599612');
INSERT INTO Audit (audit_id,audit_description, audit_path, audit_timestamp) VALUES ('1671218302.599812','Login Created', 'Audit/_Login_Log',now());
INSERT INTO Login_Log (audit_id,login_id) VALUES ('1671218302.599812','lavonn1671218302.599612');

INSERT INTO NFT (token_id,token_name,nft_url,current_value) VALUES ('oCiaWOxtzUjZCwsx','Wistful Curly
','nft.io/oCiaWOxtzUjZCwsx',21);
INSERT INTO Audit (audit_id,audit_description, audit_path, audit_timestamp) VALUES ('1671218302.599952','NFT Created', 'Audit/_NFT_Log',now());
INSERT INTO NFT_Log (audit_id,token_id) VALUES ('1671218302.599952','oCiaWOxtzUjZCwsx');
INSERT INTO NFT (token_id,token_name,nft_url,current_value) VALUES ('ZjLDreROurDKIcJE','Cryptrt
','nft.io/ZjLDreROurDKIcJE',64);
INSERT INTO Audit (audit_id,audit_description, audit_path, audit_timestamp) VALUES ('1671218302.599961','NFT Created', 'Audit/_NFT_Log',now());
INSERT INTO NFT_Log (audit_id,token_id) VALUES ('1671218302.599961','ZjLDreROurDKIcJE');
INSERT INTO NFT (token_id,token_name,nft_url,current_value) VALUES ('OKVVsqyHErBskUWi','Koala Kickers
','nft.io/OKVVsqyHErBskUWi',99);
INSERT INTO Audit (audit_id,audit_description, audit_path, audit_timestamp) VALUES ('1671218302.599967','NFT Created', 'Audit/_NFT_Log',now());
INSERT INTO NFT_Log (audit_id,token_id) VALUES ('1671218302.599967','OKVVsqyHErBskUWi');
INSERT INTO NFT (token_id,token_name,nft_url,current_value) VALUES ('bedgHCBRTrGmzTUD','Pacific Rim
','nft.io/bedgHCBRTrGmzTUD',100);
INSERT INTO Audit (audit_id,audit_description, audit_path, audit_timestamp) VALUES ('1671218302.599974','NFT Created', 'Audit/_NFT_Log',now());
INSERT INTO NFT_Log (audit_id,token_id) VALUES ('1671218302.599974','bedgHCBRTrGmzTUD');
INSERT INTO NFT (token_id,token_name,nft_url,current_value) VALUES ('tIHpPrcqkpGgVOtQ','The Teacup Pomeranian
','nft.io/tIHpPrcqkpGgVOtQ',2);
INSERT INTO Audit (audit_id,audit_description, audit_path, audit_timestamp) VALUES ('1671218302.599981','NFT Created', 'Audit/_NFT_Log',now());
INSERT INTO NFT_Log (audit_id,token_id) VALUES ('1671218302.599981','tIHpPrcqkpGgVOtQ');
INSERT INTO NFT (token_id,token_name,nft_url,current_value) VALUES ('oFyAuwrQwHPLLNCB','Maniacal Cold
','nft.io/oFyAuwrQwHPLLNCB',65);
INSERT INTO Audit (audit_id,audit_description, audit_path, audit_timestamp) VALUES ('1671218302.599986','NFT Created', 'Audit/_NFT_Log',now());
INSERT INTO NFT_Log (audit_id,token_id) VALUES ('1671218302.599986','oFyAuwrQwHPLLNCB');
INSERT INTO NFT (token_id,token_name,nft_url,current_value) VALUES ('WNwKpUUPGQkJjflF','Darker Clouds
','nft.io/WNwKpUUPGQkJjflF',65);
INSERT INTO Audit (audit_id,audit_description, audit_path, audit_timestamp) VALUES ('1671218302.599992','NFT Created', 'Audit/_NFT_Log',now());
INSERT INTO NFT_Log (audit_id,token_id) VALUES ('1671218302.599992','WNwKpUUPGQkJjflF');
INSERT INTO NFT (token_id,token_name,nft_url,current_value) VALUES ('zAoiQFxsfYochyco','Wowoo World
','nft.io/zAoiQFxsfYochyco',31);
INSERT INTO Audit (audit_id,audit_description, audit_path, audit_timestamp) VALUES ('1671218302.599998','NFT Created', 'Audit/_NFT_Log',now());
INSERT INTO NFT_Log (audit_id,token_id) VALUES ('1671218302.599998','zAoiQFxsfYochyco');
INSERT INTO NFT (token_id,token_name,nft_url,current_value) VALUES ('PlqeupYakHDQNJel','Crypto Club
','nft.io/PlqeupYakHDQNJel',43);
INSERT INTO Audit (audit_id,audit_description, audit_path, audit_timestamp) VALUES ('1671218302.600004','NFT Created', 'Audit/_NFT_Log',now());
INSERT INTO NFT_Log (audit_id,token_id) VALUES ('1671218302.600004','PlqeupYakHDQNJel');
INSERT INTO NFT (token_id,token_name,nft_url,current_value) VALUES ('qKjemRWxMlwTFuvx','Darker Clouds
','nft.io/qKjemRWxMlwTFuvx',75);
INSERT INTO Audit (audit_id,audit_description, audit_path, audit_timestamp) VALUES ('1671218302.60001','NFT Created', 'Audit/_NFT_Log',now());
INSERT INTO NFT_Log (audit_id,token_id) VALUES ('1671218302.60001','qKjemRWxMlwTFuvx');
INSERT INTO NFT (token_id,token_name,nft_url,current_value) VALUES ('FSVxDBkgIVGxyKLA','Phonetic Phoenix
','nft.io/FSVxDBkgIVGxyKLA',48);
INSERT INTO Audit (audit_id,audit_description, audit_path, audit_timestamp) VALUES ('1671218302.600016','NFT Created', 'Audit/_NFT_Log',now());
INSERT INTO NFT_Log (audit_id,token_id) VALUES ('1671218302.600016','FSVxDBkgIVGxyKLA');
INSERT INTO NFT (token_id,token_name,nft_url,current_value) VALUES ('ktodEtVOALWkJYlj','Repulsive Zesty
','nft.io/ktodEtVOALWkJYlj',17);
INSERT INTO Audit (audit_id,audit_description, audit_path, audit_timestamp) VALUES ('1671218302.600021','NFT Created', 'Audit/_NFT_Log',now());
INSERT INTO NFT_Log (audit_id,token_id) VALUES ('1671218302.600021','ktodEtVOALWkJYlj');
INSERT INTO NFT (token_id,token_name,nft_url,current_value) VALUES ('bdKwcgIGyTEFIAIX','Mad Straight
','nft.io/bdKwcgIGyTEFIAIX',60);
INSERT INTO Audit (audit_id,audit_description, audit_path, audit_timestamp) VALUES ('1671218302.600027','NFT Created', 'Audit/_NFT_Log',now());
INSERT INTO NFT_Log (audit_id,token_id) VALUES ('1671218302.600027','bdKwcgIGyTEFIAIX');
INSERT INTO NFT (token_id,token_name,nft_url,current_value) VALUES ('KjKsHoKWVpMoWKzv','Darker Clouds
','nft.io/KjKsHoKWVpMoWKzv',18);
INSERT INTO Audit (audit_id,audit_description, audit_path, audit_timestamp) VALUES ('1671218302.600034','NFT Created', 'Audit/_NFT_Log',now());
INSERT INTO NFT_Log (audit_id,token_id) VALUES ('1671218302.600034','KjKsHoKWVpMoWKzv');
INSERT INTO NFT (token_id,token_name,nft_url,current_value) VALUES ('orwrBoyZKDHFxfyt','Panicky Elfin
','nft.io/orwrBoyZKDHFxfyt',76);
INSERT INTO Audit (audit_id,audit_description, audit_path, audit_timestamp) VALUES ('1671218302.60004','NFT Created', 'Audit/_NFT_Log',now());
INSERT INTO NFT_Log (audit_id,token_id) VALUES ('1671218302.60004','orwrBoyZKDHFxfyt');
INSERT INTO NFT (token_id,token_name,nft_url,current_value) VALUES ('qqdpVBmjMBFJaZhI','Ledger Ascribe
','nft.io/qqdpVBmjMBFJaZhI',59);
INSERT INTO Audit (audit_id,audit_description, audit_path, audit_timestamp) VALUES ('1671218302.600045','NFT Created', 'Audit/_NFT_Log',now());
INSERT INTO NFT_Log (audit_id,token_id) VALUES ('1671218302.600045','qqdpVBmjMBFJaZhI');
INSERT INTO NFT (token_id,token_name,nft_url,current_value) VALUES ('GrSuiVNkFAwZDhbL','Dying Breath Artist
','nft.io/GrSuiVNkFAwZDhbL',30);
INSERT INTO Audit (audit_id,audit_description, audit_path, audit_timestamp) VALUES ('1671218302.600051','NFT Created', 'Audit/_NFT_Log',now());
INSERT INTO NFT_Log (audit_id,token_id) VALUES ('1671218302.600051','GrSuiVNkFAwZDhbL');
INSERT INTO NFT (token_id,token_name,nft_url,current_value) VALUES ('yqcdEStuyAHcmkVc','Lava Ledger
','nft.io/yqcdEStuyAHcmkVc',16);
INSERT INTO Audit (audit_id,audit_description, audit_path, audit_timestamp) VALUES ('1671218302.600057','NFT Created', 'Audit/_NFT_Log',now());
INSERT INTO NFT_Log (audit_id,token_id) VALUES ('1671218302.600057','yqcdEStuyAHcmkVc');
INSERT INTO NFT (token_id,token_name,nft_url,current_value) VALUES ('OljhHWVgMGuMFrnT','Claudette
','nft.io/OljhHWVgMGuMFrnT',98);
INSERT INTO Audit (audit_id,audit_description, audit_path, audit_timestamp) VALUES ('1671218302.600063','NFT Created', 'Audit/_NFT_Log',now());
INSERT INTO NFT_Log (audit_id,token_id) VALUES ('1671218302.600063','OljhHWVgMGuMFrnT');
INSERT INTO NFT (token_id,token_name,nft_url,current_value) VALUES ('YREHREGmCvyJQQRU','Decentraland Farmer
','nft.io/YREHREGmCvyJQQRU',13);
INSERT INTO Audit (audit_id,audit_description, audit_path, audit_timestamp) VALUES ('1671218302.600069','NFT Created', 'Audit/_NFT_Log',now());
INSERT INTO NFT_Log (audit_id,token_id) VALUES ('1671218302.600069','YREHREGmCvyJQQRU');
INSERT INTO NFT (token_id,token_name,nft_url,current_value) VALUES ('rRxRzoZnzinDGAVe','The Gold Betta
','nft.io/rRxRzoZnzinDGAVe',23);
INSERT INTO Audit (audit_id,audit_description, audit_path, audit_timestamp) VALUES ('1671218302.600074','NFT Created', 'Audit/_NFT_Log',now());
INSERT INTO NFT_Log (audit_id,token_id) VALUES ('1671218302.600074','rRxRzoZnzinDGAVe');
INSERT INTO NFT (token_id,token_name,nft_url,current_value) VALUES ('TVDzNPFVvphnzmGQ','Cryptoqo
','nft.io/TVDzNPFVvphnzmGQ',7);
INSERT INTO Audit (audit_id,audit_description, audit_path, audit_timestamp) VALUES ('1671218302.60008','NFT Created', 'Audit/_NFT_Log',now());
INSERT INTO NFT_Log (audit_id,token_id) VALUES ('1671218302.60008','TVDzNPFVvphnzmGQ');
INSERT INTO NFT (token_id,token_name,nft_url,current_value) VALUES ('uVWAgzvwNcsYKKfC','Crypto Goldlock
','nft.io/uVWAgzvwNcsYKKfC',78);
INSERT INTO Audit (audit_id,audit_description, audit_path, audit_timestamp) VALUES ('1671218302.600101','NFT Created', 'Audit/_NFT_Log',now());
INSERT INTO NFT_Log (audit_id,token_id) VALUES ('1671218302.600101','uVWAgzvwNcsYKKfC');
INSERT INTO NFT (token_id,token_name,nft_url,current_value) VALUES ('yhRHLkFDVCRbXDME','Blue-Eyed Trite
','nft.io/yhRHLkFDVCRbXDME',5);
INSERT INTO Audit (audit_id,audit_description, audit_path, audit_timestamp) VALUES ('1671218302.600108','NFT Created', 'Audit/_NFT_Log',now());
INSERT INTO NFT_Log (audit_id,token_id) VALUES ('1671218302.600108','yhRHLkFDVCRbXDME');
INSERT INTO NFT (token_id,token_name,nft_url,current_value) VALUES ('yWZzYbNYeiajDoHz','Brave Beavers
','nft.io/yWZzYbNYeiajDoHz',75);
INSERT INTO Audit (audit_id,audit_description, audit_path, audit_timestamp) VALUES ('1671218302.600114','NFT Created', 'Audit/_NFT_Log',now());
INSERT INTO NFT_Log (audit_id,token_id) VALUES ('1671218302.600114','yWZzYbNYeiajDoHz');
INSERT INTO NFT (token_id,token_name,nft_url,current_value) VALUES ('oAcKZepEwjBCQyuB','Blue Shadow Woman
','nft.io/oAcKZepEwjBCQyuB',75);
INSERT INTO Audit (audit_id,audit_description, audit_path, audit_timestamp) VALUES ('1671218302.60012','NFT Created', 'Audit/_NFT_Log',now());
INSERT INTO NFT_Log (audit_id,token_id) VALUES ('1671218302.60012','oAcKZepEwjBCQyuB');
INSERT INTO NFT (token_id,token_name,nft_url,current_value) VALUES ('fcjkeawowQYpUJFd','Cryptrt
','nft.io/fcjkeawowQYpUJFd',23);
INSERT INTO Audit (audit_id,audit_description, audit_path, audit_timestamp) VALUES ('1671218302.600126','NFT Created', 'Audit/_NFT_Log',now());
INSERT INTO NFT_Log (audit_id,token_id) VALUES ('1671218302.600126','fcjkeawowQYpUJFd');
INSERT INTO NFT (token_id,token_name,nft_url,current_value) VALUES ('InnitsVwxQumhQDq','Decentraland Farmer
','nft.io/InnitsVwxQumhQDq',93);
INSERT INTO Audit (audit_id,audit_description, audit_path, audit_timestamp) VALUES ('1671218302.600132','NFT Created', 'Audit/_NFT_Log',now());
INSERT INTO NFT_Log (audit_id,token_id) VALUES ('1671218302.600132','InnitsVwxQumhQDq');
INSERT INTO NFT (token_id,token_name,nft_url,current_value) VALUES ('vEtKLRWKnzOaacZq','Ledger Ascribe
','nft.io/vEtKLRWKnzOaacZq',39);
INSERT INTO Audit (audit_id,audit_description, audit_path, audit_timestamp) VALUES ('1671218302.600137','NFT Created', 'Audit/_NFT_Log',now());
INSERT INTO NFT_Log (audit_id,token_id) VALUES ('1671218302.600137','vEtKLRWKnzOaacZq');
INSERT INTO NFT (token_id,token_name,nft_url,current_value) VALUES ('RkKVMBLEwXkrdIqo','Decentraland Farmer
','nft.io/RkKVMBLEwXkrdIqo',80);
INSERT INTO Audit (audit_id,audit_description, audit_path, audit_timestamp) VALUES ('1671218302.600143','NFT Created', 'Audit/_NFT_Log',now());
INSERT INTO NFT_Log (audit_id,token_id) VALUES ('1671218302.600143','RkKVMBLEwXkrdIqo');
INSERT INTO NFT (token_id,token_name,nft_url,current_value) VALUES ('rLkMnjJgskeSijmP','The Teacup Pomeranian
','nft.io/rLkMnjJgskeSijmP',68);
INSERT INTO Audit (audit_id,audit_description, audit_path, audit_timestamp) VALUES ('1671218302.600149','NFT Created', 'Audit/_NFT_Log',now());
INSERT INTO NFT_Log (audit_id,token_id) VALUES ('1671218302.600149','rLkMnjJgskeSijmP');
INSERT INTO NFT (token_id,token_name,nft_url,current_value) VALUES ('SPSmNkOUdzHkHstb','Atollon Coral
','nft.io/SPSmNkOUdzHkHstb',26);
INSERT INTO Audit (audit_id,audit_description, audit_path, audit_timestamp) VALUES ('1671218302.600155','NFT Created', 'Audit/_NFT_Log',now());
INSERT INTO NFT_Log (audit_id,token_id) VALUES ('1671218302.600155','SPSmNkOUdzHkHstb');
INSERT INTO NFT (token_id,token_name,nft_url,current_value) VALUES ('fzkKjSsaROVzpqjF','Spotted Keen
','nft.io/fzkKjSsaROVzpqjF',40);
INSERT INTO Audit (audit_id,audit_description, audit_path, audit_timestamp) VALUES ('1671218302.600161','NFT Created', 'Audit/_NFT_Log',now());
INSERT INTO NFT_Log (audit_id,token_id) VALUES ('1671218302.600161','fzkKjSsaROVzpqjF');
INSERT INTO NFT (token_id,token_name,nft_url,current_value) VALUES ('YSZvgEMxIzvrYIak','Crypto Gin
','nft.io/YSZvgEMxIzvrYIak',9);
INSERT INTO Audit (audit_id,audit_description, audit_path, audit_timestamp) VALUES ('1671218302.600166','NFT Created', 'Audit/_NFT_Log',now());
INSERT INTO NFT_Log (audit_id,token_id) VALUES ('1671218302.600166','YSZvgEMxIzvrYIak');
INSERT INTO NFT (token_id,token_name,nft_url,current_value) VALUES ('AdKCFrlnGBVRciwJ','Crypto Indie
','nft.io/AdKCFrlnGBVRciwJ',65);
INSERT INTO Audit (audit_id,audit_description, audit_path, audit_timestamp) VALUES ('1671218302.600172','NFT Created', 'Audit/_NFT_Log',now());
INSERT INTO NFT_Log (audit_id,token_id) VALUES ('1671218302.600172','AdKCFrlnGBVRciwJ');
INSERT INTO NFT (token_id,token_name,nft_url,current_value) VALUES ('nmSzdPtZeutEuBWB','Dreamy Imaginations
','nft.io/nmSzdPtZeutEuBWB',86);
INSERT INTO Audit (audit_id,audit_description, audit_path, audit_timestamp) VALUES ('1671218302.600178','NFT Created', 'Audit/_NFT_Log',now());
INSERT INTO NFT_Log (audit_id,token_id) VALUES ('1671218302.600178','nmSzdPtZeutEuBWB');
INSERT INTO NFT (token_id,token_name,nft_url,current_value) VALUES ('kgUAjYYrrEPpzGlF','Artefactual Analog Art
','nft.io/kgUAjYYrrEPpzGlF',58);
INSERT INTO Audit (audit_id,audit_description, audit_path, audit_timestamp) VALUES ('1671218302.600184','NFT Created', 'Audit/_NFT_Log',now());
INSERT INTO NFT_Log (audit_id,token_id) VALUES ('1671218302.600184','kgUAjYYrrEPpzGlF');
INSERT INTO NFT (token_id,token_name,nft_url,current_value) VALUES ('XPOudDHKZezODATc','Brave Beavers
','nft.io/XPOudDHKZezODATc',43);
INSERT INTO Audit (audit_id,audit_description, audit_path, audit_timestamp) VALUES ('1671218302.600189','NFT Created', 'Audit/_NFT_Log',now());
INSERT INTO NFT_Log (audit_id,token_id) VALUES ('1671218302.600189','XPOudDHKZezODATc');
INSERT INTO NFT (token_id,token_name,nft_url,current_value) VALUES ('gmklgyfhcmcSJpKE','Imperfect Strange
','nft.io/gmklgyfhcmcSJpKE',39);
INSERT INTO Audit (audit_id,audit_description, audit_path, audit_timestamp) VALUES ('1671218302.600195','NFT Created', 'Audit/_NFT_Log',now());
INSERT INTO NFT_Log (audit_id,token_id) VALUES ('1671218302.600195','gmklgyfhcmcSJpKE');
INSERT INTO NFT (token_id,token_name,nft_url,current_value) VALUES ('rPHiwnSVLvkwNIAK','StrtNFT
','nft.io/rPHiwnSVLvkwNIAK',79);
INSERT INTO Audit (audit_id,audit_description, audit_path, audit_timestamp) VALUES ('1671218302.6002','NFT Created', 'Audit/_NFT_Log',now());
INSERT INTO NFT_Log (audit_id,token_id) VALUES ('1671218302.6002','rPHiwnSVLvkwNIAK');
INSERT INTO NFT (token_id,token_name,nft_url,current_value) VALUES ('KJxRzAtefTjlHnBJ','Decentraland Farmer
','nft.io/KJxRzAtefTjlHnBJ',87);
INSERT INTO Audit (audit_id,audit_description, audit_path, audit_timestamp) VALUES ('1671218302.600206','NFT Created', 'Audit/_NFT_Log',now());
INSERT INTO NFT_Log (audit_id,token_id) VALUES ('1671218302.600206','KJxRzAtefTjlHnBJ');
INSERT INTO NFT (token_id,token_name,nft_url,current_value) VALUES ('bXMbyCiaoEZOYkAn','Crypto Gin
','nft.io/bXMbyCiaoEZOYkAn',4);
INSERT INTO Audit (audit_id,audit_description, audit_path, audit_timestamp) VALUES ('1671218302.600212','NFT Created', 'Audit/_NFT_Log',now());
INSERT INTO NFT_Log (audit_id,token_id) VALUES ('1671218302.600212','bXMbyCiaoEZOYkAn');
INSERT INTO NFT (token_id,token_name,nft_url,current_value) VALUES ('VUVFfuUlvlZLDmzW','Broad Frantic
','nft.io/VUVFfuUlvlZLDmzW',70);
INSERT INTO Audit (audit_id,audit_description, audit_path, audit_timestamp) VALUES ('1671218302.600218','NFT Created', 'Audit/_NFT_Log',now());
INSERT INTO NFT_Log (audit_id,token_id) VALUES ('1671218302.600218','VUVFfuUlvlZLDmzW');
INSERT INTO NFT (token_id,token_name,nft_url,current_value) VALUES ('gXwznkmDmnNaNKjQ','Lonely Lions
','nft.io/gXwznkmDmnNaNKjQ',26);
INSERT INTO Audit (audit_id,audit_description, audit_path, audit_timestamp) VALUES ('1671218302.600223','NFT Created', 'Audit/_NFT_Log',now());
INSERT INTO NFT_Log (audit_id,token_id) VALUES ('1671218302.600223','gXwznkmDmnNaNKjQ');
INSERT INTO NFT (token_id,token_name,nft_url,current_value) VALUES ('dQWkXpKHukBpPnyk','Wistful Curly
','nft.io/dQWkXpKHukBpPnyk',68);
INSERT INTO Audit (audit_id,audit_description, audit_path, audit_timestamp) VALUES ('1671218302.600242','NFT Created', 'Audit/_NFT_Log',now());
INSERT INTO NFT_Log (audit_id,token_id) VALUES ('1671218302.600242','dQWkXpKHukBpPnyk');
INSERT INTO NFT (token_id,token_name,nft_url,current_value) VALUES ('PENJTWxrMJNngDiy','Mad Straight
','nft.io/PENJTWxrMJNngDiy',75);
INSERT INTO Audit (audit_id,audit_description, audit_path, audit_timestamp) VALUES ('1671218302.600249','NFT Created', 'Audit/_NFT_Log',now());
INSERT INTO NFT_Log (audit_id,token_id) VALUES ('1671218302.600249','PENJTWxrMJNngDiy');
INSERT INTO NFT (token_id,token_name,nft_url,current_value) VALUES ('sJwDnETcaZWaPSbk','Spotted Keen
','nft.io/sJwDnETcaZWaPSbk',83);
INSERT INTO Audit (audit_id,audit_description, audit_path, audit_timestamp) VALUES ('1671218302.600255','NFT Created', 'Audit/_NFT_Log',now());
INSERT INTO NFT_Log (audit_id,token_id) VALUES ('1671218302.600255','sJwDnETcaZWaPSbk');
INSERT INTO NFT (token_id,token_name,nft_url,current_value) VALUES ('gvxPyMdGDtHXsiiD','Spotless Jagged
','nft.io/gvxPyMdGDtHXsiiD',95);
INSERT INTO Audit (audit_id,audit_description, audit_path, audit_timestamp) VALUES ('1671218302.600261','NFT Created', 'Audit/_NFT_Log',now());
INSERT INTO NFT_Log (audit_id,token_id) VALUES ('1671218302.600261','gvxPyMdGDtHXsiiD');
INSERT INTO NFT (token_id,token_name,nft_url,current_value) VALUES ('JjyEbEIcfKwzjUlw','Claudette
','nft.io/JjyEbEIcfKwzjUlw',44);
INSERT INTO Audit (audit_id,audit_description, audit_path, audit_timestamp) VALUES ('1671218302.600266','NFT Created', 'Audit/_NFT_Log',now());
INSERT INTO NFT_Log (audit_id,token_id) VALUES ('1671218302.600266','JjyEbEIcfKwzjUlw');
INSERT INTO NFT (token_id,token_name,nft_url,current_value) VALUES ('NWziSsrhLMRdhIoA','1-Love
','nft.io/NWziSsrhLMRdhIoA',55);
INSERT INTO Audit (audit_id,audit_description, audit_path, audit_timestamp) VALUES ('1671218302.600273','NFT Created', 'Audit/_NFT_Log',now());
INSERT INTO NFT_Log (audit_id,token_id) VALUES ('1671218302.600273','NWziSsrhLMRdhIoA');

INSERT INTO NFT_created (token_id,user_id) VALUES ('uVWAgzvwNcsYKKfC','migue1671218302.599466');
INSERT INTO NFT_created (token_id,user_id) VALUES ('WNwKpUUPGQkJjflF','claris1671218302.599323');
INSERT INTO NFT_created (token_id,user_id) VALUES ('YREHREGmCvyJQQRU','linwoo1671218302.599399');
INSERT INTO NFT_created (token_id,user_id) VALUES ('oAcKZepEwjBCQyuB','soo1671218302.599375');
INSERT INTO NFT_created (token_id,user_id) VALUES ('gXwznkmDmnNaNKjQ','aleid1671218302.599605');
INSERT INTO NFT_created (token_id,user_id) VALUES ('dQWkXpKHukBpPnyk','linwoo1671218302.599399');
INSERT INTO NFT_created (token_id,user_id) VALUES ('rLkMnjJgskeSijmP','irwi1671218302.599384');
INSERT INTO NFT_created (token_id,user_id) VALUES ('VUVFfuUlvlZLDmzW','reyn1671218302.599421');
INSERT INTO NFT_created (token_id,user_id) VALUES ('OKVVsqyHErBskUWi','vick1671218302.599507');
INSERT INTO NFT_created (token_id,user_id) VALUES ('fcjkeawowQYpUJFd','irwi1671218302.599384');
INSERT INTO NFT_created (token_id,user_id) VALUES ('qqdpVBmjMBFJaZhI','bra1671218302.599513');
INSERT INTO NFT_created (token_id,user_id) VALUES ('yWZzYbNYeiajDoHz','migue1671218302.599466');
INSERT INTO NFT_created (token_id,user_id) VALUES ('sJwDnETcaZWaPSbk','tond1671218302.599437');
INSERT INTO NFT_created (token_id,user_id) VALUES ('KJxRzAtefTjlHnBJ','veren1671218302.599473');
INSERT INTO NFT_created (token_id,user_id) VALUES ('nmSzdPtZeutEuBWB','maurin1671218302.599407');
INSERT INTO NFT_created (token_id,user_id) VALUES ('oFyAuwrQwHPLLNCB','vick1671218302.599507');
INSERT INTO NFT_created (token_id,user_id) VALUES ('vEtKLRWKnzOaacZq','wendi1671218302.59948');
INSERT INTO NFT_created (token_id,user_id) VALUES ('SPSmNkOUdzHkHstb','linwoo1671218302.599399');
INSERT INTO NFT_created (token_id,user_id) VALUES ('YSZvgEMxIzvrYIak','jolen1671218302.599414');
INSERT INTO NFT_created (token_id,user_id) VALUES ('gmklgyfhcmcSJpKE','migue1671218302.599466');
INSERT INTO NFT_created (token_id,user_id) VALUES ('fzkKjSsaROVzpqjF','rub1671218302.599493');
INSERT INTO NFT_created (token_id,user_id) VALUES ('oCiaWOxtzUjZCwsx','irwi1671218302.599384');
INSERT INTO NFT_created (token_id,user_id) VALUES ('bedgHCBRTrGmzTUD','soo1671218302.599375');
INSERT INTO NFT_created (token_id,user_id) VALUES ('yqcdEStuyAHcmkVc','al1671218302.599391');
INSERT INTO NFT_created (token_id,user_id) VALUES ('bdKwcgIGyTEFIAIX','linwoo1671218302.599399');
INSERT INTO NFT_created (token_id,user_id) VALUES ('RkKVMBLEwXkrdIqo','imogen1671218302.599584');
INSERT INTO NFT_created (token_id,user_id) VALUES ('rPHiwnSVLvkwNIAK','bra1671218302.599513');
INSERT INTO NFT_created (token_id,user_id) VALUES ('zAoiQFxsfYochyco','veren1671218302.599473');
INSERT INTO NFT_created (token_id,user_id) VALUES ('bXMbyCiaoEZOYkAn','migue1671218302.599466');
INSERT INTO NFT_created (token_id,user_id) VALUES ('yhRHLkFDVCRbXDME','jacquelyn1671218302.5995');
INSERT INTO NFT_created (token_id,user_id) VALUES ('TVDzNPFVvphnzmGQ','maurin1671218302.599407');
INSERT INTO NFT_created (token_id,user_id) VALUES ('InnitsVwxQumhQDq','bra1671218302.599513');
INSERT INTO NFT_created (token_id,user_id) VALUES ('FSVxDBkgIVGxyKLA','veren1671218302.599473');
INSERT INTO NFT_created (token_id,user_id) VALUES ('ZjLDreROurDKIcJE','vick1671218302.599507');
INSERT INTO NFT_created (token_id,user_id) VALUES ('NWziSsrhLMRdhIoA','wendi1671218302.59948');
INSERT INTO NFT_created (token_id,user_id) VALUES ('GrSuiVNkFAwZDhbL','brand1671218302.599521');
INSERT INTO NFT_created (token_id,user_id) VALUES ('PlqeupYakHDQNJel','mik1671218302.599486');
INSERT INTO NFT_created (token_id,user_id) VALUES ('AdKCFrlnGBVRciwJ','maurin1671218302.599407');
INSERT INTO NFT_created (token_id,user_id) VALUES ('XPOudDHKZezODATc','maurin1671218302.599407');
INSERT INTO NFT_created (token_id,user_id) VALUES ('gvxPyMdGDtHXsiiD','latoy1671218302.599452');
INSERT INTO NFT_created (token_id,user_id) VALUES ('qKjemRWxMlwTFuvx','latoy1671218302.599452');
INSERT INTO NFT_created (token_id,user_id) VALUES ('rRxRzoZnzinDGAVe','tond1671218302.599437');
INSERT INTO NFT_created (token_id,user_id) VALUES ('JjyEbEIcfKwzjUlw','belind1671218302.599577');
INSERT INTO NFT_created (token_id,user_id) VALUES ('orwrBoyZKDHFxfyt','veren1671218302.599473');
INSERT INTO NFT_created (token_id,user_id) VALUES ('OljhHWVgMGuMFrnT','mik1671218302.599486');
INSERT INTO NFT_created (token_id,user_id) VALUES ('KjKsHoKWVpMoWKzv','belind1671218302.599577');
INSERT INTO NFT_created (token_id,user_id) VALUES ('PENJTWxrMJNngDiy','jolen1671218302.599414');
INSERT INTO NFT_created (token_id,user_id) VALUES ('tIHpPrcqkpGgVOtQ','yvett1671218302.599445');
INSERT INTO NFT_created (token_id,user_id) VALUES ('kgUAjYYrrEPpzGlF','mik1671218302.599486');
INSERT INTO NFT_created (token_id,user_id) VALUES ('ktodEtVOALWkJYlj','lavonn1671218302.599612');

INSERT INTO NFT_owned (token_id,user_id) VALUES ('uVWAgzvwNcsYKKfC','latoy1671218302.599452');
INSERT INTO NFT_owned (token_id,user_id) VALUES ('WNwKpUUPGQkJjflF','mik1671218302.599486');
INSERT INTO NFT_owned (token_id,user_id) VALUES ('YREHREGmCvyJQQRU','lavonn1671218302.599612');
INSERT INTO NFT_owned (token_id,user_id) VALUES ('oAcKZepEwjBCQyuB','rond1671218302.59943');
INSERT INTO NFT_owned (token_id,user_id) VALUES ('gXwznkmDmnNaNKjQ','yvett1671218302.599445');
INSERT INTO NFT_owned (token_id,user_id) VALUES ('dQWkXpKHukBpPnyk','bra1671218302.599513');
INSERT INTO NFT_owned (token_id,user_id) VALUES ('rLkMnjJgskeSijmP','yvett1671218302.599445');
INSERT INTO NFT_owned (token_id,user_id) VALUES ('VUVFfuUlvlZLDmzW','brand1671218302.599521');
INSERT INTO NFT_owned (token_id,user_id) VALUES ('OKVVsqyHErBskUWi','migue1671218302.599466');
INSERT INTO NFT_owned (token_id,user_id) VALUES ('fcjkeawowQYpUJFd','leeann1671218302.599459');
INSERT INTO NFT_owned (token_id,user_id) VALUES ('qqdpVBmjMBFJaZhI','leeann1671218302.599459');
INSERT INTO NFT_owned (token_id,user_id) VALUES ('yWZzYbNYeiajDoHz','mik1671218302.599486');
INSERT INTO NFT_owned (token_id,user_id) VALUES ('sJwDnETcaZWaPSbk','yvett1671218302.599445');
INSERT INTO NFT_owned (token_id,user_id) VALUES ('KJxRzAtefTjlHnBJ','lavonn1671218302.599612');
INSERT INTO NFT_owned (token_id,user_id) VALUES ('nmSzdPtZeutEuBWB','lione1671218302.599598');
INSERT INTO NFT_owned (token_id,user_id) VALUES ('oFyAuwrQwHPLLNCB','wendi1671218302.59948');
INSERT INTO NFT_owned (token_id,user_id) VALUES ('vEtKLRWKnzOaacZq','imogen1671218302.599584');
INSERT INTO NFT_owned (token_id,user_id) VALUES ('SPSmNkOUdzHkHstb','jolen1671218302.599414');
INSERT INTO NFT_owned (token_id,user_id) VALUES ('YSZvgEMxIzvrYIak','linwoo1671218302.599399');
INSERT INTO NFT_owned (token_id,user_id) VALUES ('gmklgyfhcmcSJpKE','vick1671218302.599507');
INSERT INTO NFT_owned (token_id,user_id) VALUES ('fzkKjSsaROVzpqjF','irwi1671218302.599384');
INSERT INTO NFT_owned (token_id,user_id) VALUES ('oCiaWOxtzUjZCwsx','jolen1671218302.599414');
INSERT INTO NFT_owned (token_id,user_id) VALUES ('bedgHCBRTrGmzTUD','wendi1671218302.59948');
INSERT INTO NFT_owned (token_id,user_id) VALUES ('yqcdEStuyAHcmkVc','latoy1671218302.599452');
INSERT INTO NFT_owned (token_id,user_id) VALUES ('bdKwcgIGyTEFIAIX','migue1671218302.599466');
INSERT INTO NFT_owned (token_id,user_id) VALUES ('RkKVMBLEwXkrdIqo','latoy1671218302.599452');
INSERT INTO NFT_owned (token_id,user_id) VALUES ('rPHiwnSVLvkwNIAK','al1671218302.599391');
INSERT INTO NFT_owned (token_id,user_id) VALUES ('zAoiQFxsfYochyco','mik1671218302.599486');
INSERT INTO NFT_owned (token_id,user_id) VALUES ('bXMbyCiaoEZOYkAn','migue1671218302.599466');
INSERT INTO NFT_owned (token_id,user_id) VALUES ('yhRHLkFDVCRbXDME','wendi1671218302.59948');
INSERT INTO NFT_owned (token_id,user_id) VALUES ('TVDzNPFVvphnzmGQ','brand1671218302.599521');
INSERT INTO NFT_owned (token_id,user_id) VALUES ('InnitsVwxQumhQDq','imogen1671218302.599584');
INSERT INTO NFT_owned (token_id,user_id) VALUES ('FSVxDBkgIVGxyKLA','maurin1671218302.599407');
INSERT INTO NFT_owned (token_id,user_id) VALUES ('ZjLDreROurDKIcJE','wendi1671218302.59948');
INSERT INTO NFT_owned (token_id,user_id) VALUES ('NWziSsrhLMRdhIoA','latoy1671218302.599452');
INSERT INTO NFT_owned (token_id,user_id) VALUES ('GrSuiVNkFAwZDhbL','barbar1671218302.599366');
INSERT INTO NFT_owned (token_id,user_id) VALUES ('PlqeupYakHDQNJel','barbar1671218302.599366');
INSERT INTO NFT_owned (token_id,user_id) VALUES ('AdKCFrlnGBVRciwJ','maurin1671218302.599407');
INSERT INTO NFT_owned (token_id,user_id) VALUES ('XPOudDHKZezODATc','reyn1671218302.599421');
INSERT INTO NFT_owned (token_id,user_id) VALUES ('gvxPyMdGDtHXsiiD','jacquelyn1671218302.5995');
INSERT INTO NFT_owned (token_id,user_id) VALUES ('qKjemRWxMlwTFuvx','rub1671218302.599493');
INSERT INTO NFT_owned (token_id,user_id) VALUES ('rRxRzoZnzinDGAVe','reyn1671218302.599421');
INSERT INTO NFT_owned (token_id,user_id) VALUES ('JjyEbEIcfKwzjUlw','wendi1671218302.59948');
INSERT INTO NFT_owned (token_id,user_id) VALUES ('orwrBoyZKDHFxfyt','maurin1671218302.599407');
INSERT INTO NFT_owned (token_id,user_id) VALUES ('OljhHWVgMGuMFrnT','rub1671218302.599493');
INSERT INTO NFT_owned (token_id,user_id) VALUES ('KjKsHoKWVpMoWKzv','suz1671218302.599591');
INSERT INTO NFT_owned (token_id,user_id) VALUES ('PENJTWxrMJNngDiy','bra1671218302.599513');
INSERT INTO NFT_owned (token_id,user_id) VALUES ('tIHpPrcqkpGgVOtQ','maurin1671218302.599407');
INSERT INTO NFT_owned (token_id,user_id) VALUES ('kgUAjYYrrEPpzGlF','wendi1671218302.59948');
INSERT INTO NFT_owned (token_id,user_id) VALUES ('ktodEtVOALWkJYlj','rond1671218302.59943');

INSERT INTO Financial_Information_contains (fin_id, card_number,card_cvv,bank_name,expiry_month,expiry_year,user_id) VALUES ('1671218302.600582',010320522772,967,'Wells Fargo',10,2030,'claris1671218302.599323');
INSERT INTO Wallet_has (wallet_id,wallet_address,user_id) VALUES ('1671218302.600598','0x3942947453150350','claris1671218302.599323');
INSERT INTO Financial_Information_contains (fin_id, card_number,card_cvv,bank_name,expiry_month,expiry_year,user_id) VALUES ('1671218302.600603',351087246676,370,'Wells Fargo',4,2023,'barbar1671218302.599366');
INSERT INTO Wallet_has (wallet_id,wallet_address,user_id) VALUES ('1671218302.60061','0x9414902961485969','barbar1671218302.599366');
INSERT INTO Financial_Information_contains (fin_id, card_number,card_cvv,bank_name,expiry_month,expiry_year,user_id) VALUES ('1671218302.600614',128423960559,361,'Wells Fargo',3,2026,'soo1671218302.599375');
INSERT INTO Wallet_has (wallet_id,wallet_address,user_id) VALUES ('1671218302.600621','0x7704906741370736','soo1671218302.599375');
INSERT INTO Financial_Information_contains (fin_id, card_number,card_cvv,bank_name,expiry_month,expiry_year,user_id) VALUES ('1671218302.600625',929642789989,464,'Bank Of America',10,2023,'irwi1671218302.599384');
INSERT INTO Wallet_has (wallet_id,wallet_address,user_id) VALUES ('1671218302.600631','0x0866992616316776','irwi1671218302.599384');
INSERT INTO Financial_Information_contains (fin_id, card_number,card_cvv,bank_name,expiry_month,expiry_year,user_id) VALUES ('1671218302.600635',290678926337,045,'Santander Bank',4,2024,'al1671218302.599391');
INSERT INTO Wallet_has (wallet_id,wallet_address,user_id) VALUES ('1671218302.600642','0x3592499578246439','al1671218302.599391');
INSERT INTO Financial_Information_contains (fin_id, card_number,card_cvv,bank_name,expiry_month,expiry_year,user_id) VALUES ('1671218302.600645',903715668192,169,'Capital One',3,2023,'linwoo1671218302.599399');
INSERT INTO Wallet_has (wallet_id,wallet_address,user_id) VALUES ('1671218302.600652','0x4817316816937248','linwoo1671218302.599399');
INSERT INTO Financial_Information_contains (fin_id, card_number,card_cvv,bank_name,expiry_month,expiry_year,user_id) VALUES ('1671218302.600655',489311631763,126,'Santander Bank',11,2026,'maurin1671218302.599407');
INSERT INTO Wallet_has (wallet_id,wallet_address,user_id) VALUES ('1671218302.600662','0x3043572960622319','maurin1671218302.599407');
INSERT INTO Financial_Information_contains (fin_id, card_number,card_cvv,bank_name,expiry_month,expiry_year,user_id) VALUES ('1671218302.600665',706461793554,606,'JPM Chase',11,2024,'jolen1671218302.599414');
INSERT INTO Wallet_has (wallet_id,wallet_address,user_id) VALUES ('1671218302.600672','0x9438137173430405','jolen1671218302.599414');
INSERT INTO Financial_Information_contains (fin_id, card_number,card_cvv,bank_name,expiry_month,expiry_year,user_id) VALUES ('1671218302.600675',536432016653,661,'Capital One',4,2026,'reyn1671218302.599421');
INSERT INTO Wallet_has (wallet_id,wallet_address,user_id) VALUES ('1671218302.600682','0x8322541741224769','reyn1671218302.599421');
INSERT INTO Financial_Information_contains (fin_id, card_number,card_cvv,bank_name,expiry_month,expiry_year,user_id) VALUES ('1671218302.600686',597123336316,615,'JPM Chase',1,2029,'rond1671218302.59943');
INSERT INTO Wallet_has (wallet_id,wallet_address,user_id) VALUES ('1671218302.600692','0x0919204027343838','rond1671218302.59943');
INSERT INTO Financial_Information_contains (fin_id, card_number,card_cvv,bank_name,expiry_month,expiry_year,user_id) VALUES ('1671218302.600695',730885762930,829,'Bank Of America',4,2023,'tond1671218302.599437');
INSERT INTO Wallet_has (wallet_id,wallet_address,user_id) VALUES ('1671218302.600702','0x4993574260559222','tond1671218302.599437');
INSERT INTO Financial_Information_contains (fin_id, card_number,card_cvv,bank_name,expiry_month,expiry_year,user_id) VALUES ('1671218302.600706',904158878275,927,'Wells Fargo',11,2023,'yvett1671218302.599445');
INSERT INTO Wallet_has (wallet_id,wallet_address,user_id) VALUES ('1671218302.600712','0x5197881917660322','yvett1671218302.599445');
INSERT INTO Financial_Information_contains (fin_id, card_number,card_cvv,bank_name,expiry_month,expiry_year,user_id) VALUES ('1671218302.600716',319219298613,802,'JPM Chase',7,2028,'latoy1671218302.599452');
INSERT INTO Wallet_has (wallet_id,wallet_address,user_id) VALUES ('1671218302.600722','0x9378735026340484','latoy1671218302.599452');
INSERT INTO Financial_Information_contains (fin_id, card_number,card_cvv,bank_name,expiry_month,expiry_year,user_id) VALUES ('1671218302.600725',131560849556,994,'Capital One',5,2024,'leeann1671218302.599459');
INSERT INTO Wallet_has (wallet_id,wallet_address,user_id) VALUES ('1671218302.600732','0x5239860775289163','leeann1671218302.599459');
INSERT INTO Financial_Information_contains (fin_id, card_number,card_cvv,bank_name,expiry_month,expiry_year,user_id) VALUES ('1671218302.600735',259013358099,944,'Capital One',1,2023,'migue1671218302.599466');
INSERT INTO Wallet_has (wallet_id,wallet_address,user_id) VALUES ('1671218302.600742','0x5422514447071499','migue1671218302.599466');
INSERT INTO Financial_Information_contains (fin_id, card_number,card_cvv,bank_name,expiry_month,expiry_year,user_id) VALUES ('1671218302.600745',235768100305,506,'Wells Fargo',5,2025,'veren1671218302.599473');
INSERT INTO Wallet_has (wallet_id,wallet_address,user_id) VALUES ('1671218302.600751','0x2473070142910207','veren1671218302.599473');
INSERT INTO Financial_Information_contains (fin_id, card_number,card_cvv,bank_name,expiry_month,expiry_year,user_id) VALUES ('1671218302.600755',942171039829,457,'Wells Fargo',7,2029,'wendi1671218302.59948');
INSERT INTO Wallet_has (wallet_id,wallet_address,user_id) VALUES ('1671218302.600761','0x5451229567690831','wendi1671218302.59948');
INSERT INTO Financial_Information_contains (fin_id, card_number,card_cvv,bank_name,expiry_month,expiry_year,user_id) VALUES ('1671218302.600765',073454651756,796,'Capital One',5,2027,'mik1671218302.599486');
INSERT INTO Wallet_has (wallet_id,wallet_address,user_id) VALUES ('1671218302.600771','0x6558255758993402','mik1671218302.599486');
INSERT INTO Financial_Information_contains (fin_id, card_number,card_cvv,bank_name,expiry_month,expiry_year,user_id) VALUES ('1671218302.600775',135446980852,204,'Wells Fargo',4,2022,'rub1671218302.599493');
INSERT INTO Wallet_has (wallet_id,wallet_address,user_id) VALUES ('1671218302.600781','0x0918117347288797','rub1671218302.599493');
INSERT INTO Financial_Information_contains (fin_id, card_number,card_cvv,bank_name,expiry_month,expiry_year,user_id) VALUES ('1671218302.600785',557720676777,162,'Santander Bank',9,2026,'jacquelyn1671218302.5995');
INSERT INTO Wallet_has (wallet_id,wallet_address,user_id) VALUES ('1671218302.600792','0x4547427293287154','jacquelyn1671218302.5995');
INSERT INTO Financial_Information_contains (fin_id, card_number,card_cvv,bank_name,expiry_month,expiry_year,user_id) VALUES ('1671218302.600795',616162661671,575,'Capital One',12,2030,'vick1671218302.599507');
INSERT INTO Wallet_has (wallet_id,wallet_address,user_id) VALUES ('1671218302.600801','0x2310197294438924','vick1671218302.599507');
INSERT INTO Financial_Information_contains (fin_id, card_number,card_cvv,bank_name,expiry_month,expiry_year,user_id) VALUES ('1671218302.600805',882223058188,710,'Wells Fargo',6,2026,'bra1671218302.599513');
INSERT INTO Wallet_has (wallet_id,wallet_address,user_id) VALUES ('1671218302.600811','0x3281103578510427','bra1671218302.599513');
INSERT INTO Financial_Information_contains (fin_id, card_number,card_cvv,bank_name,expiry_month,expiry_year,user_id) VALUES ('1671218302.600815',688641872433,192,'Capital One',6,2026,'brand1671218302.599521');
INSERT INTO Wallet_has (wallet_id,wallet_address,user_id) VALUES ('1671218302.600821','0x5917124106844965','brand1671218302.599521');
INSERT INTO Financial_Information_contains (fin_id, card_number,card_cvv,bank_name,expiry_month,expiry_year,user_id) VALUES ('1671218302.600825',154369532534,307,'Wells Fargo',12,2029,'marti1671218302.599528');
INSERT INTO Wallet_has (wallet_id,wallet_address,user_id) VALUES ('1671218302.600831','0x2513815246247043','marti1671218302.599528');
INSERT INTO Financial_Information_contains (fin_id, card_number,card_cvv,bank_name,expiry_month,expiry_year,user_id) VALUES ('1671218302.600848',250351794679,190,'JPM Chase',4,2023,'belind1671218302.599577');
INSERT INTO Wallet_has (wallet_id,wallet_address,user_id) VALUES ('1671218302.600856','0x9047982741206072','belind1671218302.599577');
INSERT INTO Financial_Information_contains (fin_id, card_number,card_cvv,bank_name,expiry_month,expiry_year,user_id) VALUES ('1671218302.600859',349527610550,446,'JPM Chase',8,2030,'imogen1671218302.599584');
INSERT INTO Wallet_has (wallet_id,wallet_address,user_id) VALUES ('1671218302.600866','0x4183438799525217','imogen1671218302.599584');
INSERT INTO Financial_Information_contains (fin_id, card_number,card_cvv,bank_name,expiry_month,expiry_year,user_id) VALUES ('1671218302.600869',856355262257,846,'Wells Fargo',8,2030,'suz1671218302.599591');
INSERT INTO Wallet_has (wallet_id,wallet_address,user_id) VALUES ('1671218302.600876','0x5240870405159731','suz1671218302.599591');
INSERT INTO Financial_Information_contains (fin_id, card_number,card_cvv,bank_name,expiry_month,expiry_year,user_id) VALUES ('1671218302.600879',200774941675,703,'Santander Bank',3,2029,'lione1671218302.599598');
INSERT INTO Wallet_has (wallet_id,wallet_address,user_id) VALUES ('1671218302.600886','0x1438361389099839','lione1671218302.599598');
INSERT INTO Financial_Information_contains (fin_id, card_number,card_cvv,bank_name,expiry_month,expiry_year,user_id) VALUES ('1671218302.600889',036504148881,957,'Santander Bank',11,2028,'aleid1671218302.599605');
INSERT INTO Wallet_has (wallet_id,wallet_address,user_id) VALUES ('1671218302.600896','0x5812629206510983','aleid1671218302.599605');
INSERT INTO Financial_Information_contains (fin_id, card_number,card_cvv,bank_name,expiry_month,expiry_year,user_id) VALUES ('1671218302.600899',165540977008,081,'Wells Fargo',5,2022,'lavonn1671218302.599612');
INSERT INTO Wallet_has (wallet_id,wallet_address,user_id) VALUES ('1671218302.600906','0x3449093077304792','lavonn1671218302.599612');
INSERT INTO Currency_holds (currency_name, balance, wallet_id) VALUES ('XRP',31,'1671218302.600598');
INSERT INTO Currency_holds (currency_name, balance, wallet_id) VALUES ('ETH',89,'1671218302.60061');
INSERT INTO Currency_holds (currency_name, balance, wallet_id) VALUES ('BTC',93,'1671218302.600621');
INSERT INTO Currency_holds (currency_name, balance, wallet_id) VALUES ('ETH',32,'1671218302.600631');
INSERT INTO Currency_holds (currency_name, balance, wallet_id) VALUES ('BTC',35,'1671218302.600642');
INSERT INTO Currency_holds (currency_name, balance, wallet_id) VALUES ('MAT',70,'1671218302.600652');
INSERT INTO Currency_holds (currency_name, balance, wallet_id) VALUES ('MAT',23,'1671218302.600662');
INSERT INTO Currency_holds (currency_name, balance, wallet_id) VALUES ('XRP',96,'1671218302.600672');
INSERT INTO Currency_holds (currency_name, balance, wallet_id) VALUES ('ETH',76,'1671218302.600682');
INSERT INTO Currency_holds (currency_name, balance, wallet_id) VALUES ('AST',83,'1671218302.600692');
INSERT INTO Currency_holds (currency_name, balance, wallet_id) VALUES ('MAT',93,'1671218302.600702');
INSERT INTO Currency_holds (currency_name, balance, wallet_id) VALUES ('MAT',65,'1671218302.600712');
INSERT INTO Currency_holds (currency_name, balance, wallet_id) VALUES ('ETH',58,'1671218302.600722');
INSERT INTO Currency_holds (currency_name, balance, wallet_id) VALUES ('BTC',100,'1671218302.600732');
INSERT INTO Currency_holds (currency_name, balance, wallet_id) VALUES ('XRP',78,'1671218302.600742');
INSERT INTO Currency_holds (currency_name, balance, wallet_id) VALUES ('XRP',25,'1671218302.600751');
INSERT INTO Currency_holds (currency_name, balance, wallet_id) VALUES ('XRP',39,'1671218302.600761');
INSERT INTO Currency_holds (currency_name, balance, wallet_id) VALUES ('MAT',29,'1671218302.600771');
INSERT INTO Currency_holds (currency_name, balance, wallet_id) VALUES ('AST',57,'1671218302.600781');
INSERT INTO Currency_holds (currency_name, balance, wallet_id) VALUES ('ETH',61,'1671218302.600792');
INSERT INTO Currency_holds (currency_name, balance, wallet_id) VALUES ('AST',82,'1671218302.600801');
INSERT INTO Currency_holds (currency_name, balance, wallet_id) VALUES ('AST',84,'1671218302.600811');
INSERT INTO Currency_holds (currency_name, balance, wallet_id) VALUES ('BTC',58,'1671218302.600821');
INSERT INTO Currency_holds (currency_name, balance, wallet_id) VALUES ('ETH',91,'1671218302.600831');
INSERT INTO Currency_holds (currency_name, balance, wallet_id) VALUES ('XRP',68,'1671218302.600856');
INSERT INTO Currency_holds (currency_name, balance, wallet_id) VALUES ('BTC',75,'1671218302.600866');
INSERT INTO Currency_holds (currency_name, balance, wallet_id) VALUES ('XRP',33,'1671218302.600876');
INSERT INTO Currency_holds (currency_name, balance, wallet_id) VALUES ('AST',52,'1671218302.600886');
INSERT INTO Currency_holds (currency_name, balance, wallet_id) VALUES ('BTC',17,'1671218302.600896');
INSERT INTO Currency_holds (currency_name, balance, wallet_id) VALUES ('ETH',46,'1671218302.600906');

INSERT INTO Transactions_contains (txn_id, amount, status, token_id) VALUES ('1671218302.601025',51,True,'uVWAgzvwNcsYKKfC');
INSERT INTO Buy_TXN (txn_id, user_id) VALUES ('1671218302.601025','migue1671218302.599466');INSERT INTO Sell_TXN (txn_id, user_id) VALUES ('1671218302.601025',(SELECT user_id FROM NFT_owned where token_id = 'uVWAgzvwNcsYKKfC'));
UPDATE NFT_owned SET user_id = 'migue1671218302.599466' WHERE token_id = 'uVWAgzvwNcsYKKfC';
INSERT INTO Transactions_contains (txn_id, amount, status, token_id) VALUES ('1671218302.601031',46,True,'WNwKpUUPGQkJjflF');
INSERT INTO Buy_TXN (txn_id, user_id) VALUES ('1671218302.601031','leeann1671218302.599459');INSERT INTO Sell_TXN (txn_id, user_id) VALUES ('1671218302.601031',(SELECT user_id FROM NFT_owned where token_id = 'WNwKpUUPGQkJjflF'));
UPDATE NFT_owned SET user_id = 'leeann1671218302.599459' WHERE token_id = 'WNwKpUUPGQkJjflF';
INSERT INTO Transactions_contains (txn_id, amount, status, token_id) VALUES ('1671218302.601035',70,True,'YREHREGmCvyJQQRU');
INSERT INTO Buy_TXN (txn_id, user_id) VALUES ('1671218302.601035','belind1671218302.599577');INSERT INTO Sell_TXN (txn_id, user_id) VALUES ('1671218302.601035',(SELECT user_id FROM NFT_owned where token_id = 'YREHREGmCvyJQQRU'));
UPDATE NFT_owned SET user_id = 'belind1671218302.599577' WHERE token_id = 'YREHREGmCvyJQQRU';
INSERT INTO Transactions_contains (txn_id, amount, status, token_id) VALUES ('1671218302.60104',45,True,'oAcKZepEwjBCQyuB');
INSERT INTO Buy_TXN (txn_id, user_id) VALUES ('1671218302.60104','veren1671218302.599473');INSERT INTO Sell_TXN (txn_id, user_id) VALUES ('1671218302.60104',(SELECT user_id FROM NFT_owned where token_id = 'oAcKZepEwjBCQyuB'));
UPDATE NFT_owned SET user_id = 'veren1671218302.599473' WHERE token_id = 'oAcKZepEwjBCQyuB';
INSERT INTO Transactions_contains (txn_id, amount, status, token_id) VALUES ('1671218302.601044',27,True,'gXwznkmDmnNaNKjQ');
INSERT INTO Buy_TXN (txn_id, user_id) VALUES ('1671218302.601044','suz1671218302.599591');INSERT INTO Sell_TXN (txn_id, user_id) VALUES ('1671218302.601044',(SELECT user_id FROM NFT_owned where token_id = 'gXwznkmDmnNaNKjQ'));
UPDATE NFT_owned SET user_id = 'suz1671218302.599591' WHERE token_id = 'gXwznkmDmnNaNKjQ';
INSERT INTO Transactions_contains (txn_id, amount, status, token_id) VALUES ('1671218302.601048',55,True,'dQWkXpKHukBpPnyk');
INSERT INTO Buy_TXN (txn_id, user_id) VALUES ('1671218302.601048','leeann1671218302.599459');INSERT INTO Sell_TXN (txn_id, user_id) VALUES ('1671218302.601048',(SELECT user_id FROM NFT_owned where token_id = 'dQWkXpKHukBpPnyk'));
UPDATE NFT_owned SET user_id = 'leeann1671218302.599459' WHERE token_id = 'dQWkXpKHukBpPnyk';
INSERT INTO Transactions_contains (txn_id, amount, status, token_id) VALUES ('1671218302.601051',81,True,'rLkMnjJgskeSijmP');
INSERT INTO Buy_TXN (txn_id, user_id) VALUES ('1671218302.601051','barbar1671218302.599366');INSERT INTO Sell_TXN (txn_id, user_id) VALUES ('1671218302.601051',(SELECT user_id FROM NFT_owned where token_id = 'rLkMnjJgskeSijmP'));
UPDATE NFT_owned SET user_id = 'barbar1671218302.599366' WHERE token_id = 'rLkMnjJgskeSijmP';
INSERT INTO Transactions_contains (txn_id, amount, status, token_id) VALUES ('1671218302.601055',45,True,'VUVFfuUlvlZLDmzW');
INSERT INTO Buy_TXN (txn_id, user_id) VALUES ('1671218302.601055','rub1671218302.599493');INSERT INTO Sell_TXN (txn_id, user_id) VALUES ('1671218302.601055',(SELECT user_id FROM NFT_owned where token_id = 'VUVFfuUlvlZLDmzW'));
UPDATE NFT_owned SET user_id = 'rub1671218302.599493' WHERE token_id = 'VUVFfuUlvlZLDmzW';
INSERT INTO Transactions_contains (txn_id, amount, status, token_id) VALUES ('1671218302.601059',17,True,'OKVVsqyHErBskUWi');
INSERT INTO Buy_TXN (txn_id, user_id) VALUES ('1671218302.601059','rond1671218302.59943');INSERT INTO Sell_TXN (txn_id, user_id) VALUES ('1671218302.601059',(SELECT user_id FROM NFT_owned where token_id = 'OKVVsqyHErBskUWi'));
UPDATE NFT_owned SET user_id = 'rond1671218302.59943' WHERE token_id = 'OKVVsqyHErBskUWi';
INSERT INTO Transactions_contains (txn_id, amount, status, token_id) VALUES ('1671218302.601062',57,True,'fcjkeawowQYpUJFd');
INSERT INTO Buy_TXN (txn_id, user_id) VALUES ('1671218302.601062','brand1671218302.599521');INSERT INTO Sell_TXN (txn_id, user_id) VALUES ('1671218302.601062',(SELECT user_id FROM NFT_owned where token_id = 'fcjkeawowQYpUJFd'));
UPDATE NFT_owned SET user_id = 'brand1671218302.599521' WHERE token_id = 'fcjkeawowQYpUJFd';
INSERT INTO Transactions_contains (txn_id, amount, status, token_id) VALUES ('1671218302.601066',19,True,'qqdpVBmjMBFJaZhI');
INSERT INTO Buy_TXN (txn_id, user_id) VALUES ('1671218302.601066','vick1671218302.599507');INSERT INTO Sell_TXN (txn_id, user_id) VALUES ('1671218302.601066',(SELECT user_id FROM NFT_owned where token_id = 'qqdpVBmjMBFJaZhI'));
UPDATE NFT_owned SET user_id = 'vick1671218302.599507' WHERE token_id = 'qqdpVBmjMBFJaZhI';
INSERT INTO Transactions_contains (txn_id, amount, status, token_id) VALUES ('1671218302.60107',51,True,'yWZzYbNYeiajDoHz');
INSERT INTO Buy_TXN (txn_id, user_id) VALUES ('1671218302.60107','suz1671218302.599591');INSERT INTO Sell_TXN (txn_id, user_id) VALUES ('1671218302.60107',(SELECT user_id FROM NFT_owned where token_id = 'yWZzYbNYeiajDoHz'));
UPDATE NFT_owned SET user_id = 'suz1671218302.599591' WHERE token_id = 'yWZzYbNYeiajDoHz';
INSERT INTO Transactions_contains (txn_id, amount, status, token_id) VALUES ('1671218302.601073',70,True,'sJwDnETcaZWaPSbk');
INSERT INTO Buy_TXN (txn_id, user_id) VALUES ('1671218302.601073','brand1671218302.599521');INSERT INTO Sell_TXN (txn_id, user_id) VALUES ('1671218302.601073',(SELECT user_id FROM NFT_owned where token_id = 'sJwDnETcaZWaPSbk'));
UPDATE NFT_owned SET user_id = 'brand1671218302.599521' WHERE token_id = 'sJwDnETcaZWaPSbk';
INSERT INTO Transactions_contains (txn_id, amount, status, token_id) VALUES ('1671218302.601077',71,True,'KJxRzAtefTjlHnBJ');
INSERT INTO Buy_TXN (txn_id, user_id) VALUES ('1671218302.601077','al1671218302.599391');INSERT INTO Sell_TXN (txn_id, user_id) VALUES ('1671218302.601077',(SELECT user_id FROM NFT_owned where token_id = 'KJxRzAtefTjlHnBJ'));
UPDATE NFT_owned SET user_id = 'al1671218302.599391' WHERE token_id = 'KJxRzAtefTjlHnBJ';
INSERT INTO Transactions_contains (txn_id, amount, status, token_id) VALUES ('1671218302.601081',99,True,'nmSzdPtZeutEuBWB');
INSERT INTO Buy_TXN (txn_id, user_id) VALUES ('1671218302.601081','veren1671218302.599473');INSERT INTO Sell_TXN (txn_id, user_id) VALUES ('1671218302.601081',(SELECT user_id FROM NFT_owned where token_id = 'nmSzdPtZeutEuBWB'));
UPDATE NFT_owned SET user_id = 'veren1671218302.599473' WHERE token_id = 'nmSzdPtZeutEuBWB';
INSERT INTO Transactions_contains (txn_id, amount, status, token_id) VALUES ('1671218302.601084',1,True,'oFyAuwrQwHPLLNCB');
INSERT INTO Buy_TXN (txn_id, user_id) VALUES ('1671218302.601084','lavonn1671218302.599612');INSERT INTO Sell_TXN (txn_id, user_id) VALUES ('1671218302.601084',(SELECT user_id FROM NFT_owned where token_id = 'oFyAuwrQwHPLLNCB'));
UPDATE NFT_owned SET user_id = 'lavonn1671218302.599612' WHERE token_id = 'oFyAuwrQwHPLLNCB';
INSERT INTO Transactions_contains (txn_id, amount, status, token_id) VALUES ('1671218302.601089',45,True,'vEtKLRWKnzOaacZq');
INSERT INTO Buy_TXN (txn_id, user_id) VALUES ('1671218302.601089','suz1671218302.599591');INSERT INTO Sell_TXN (txn_id, user_id) VALUES ('1671218302.601089',(SELECT user_id FROM NFT_owned where token_id = 'vEtKLRWKnzOaacZq'));
UPDATE NFT_owned SET user_id = 'suz1671218302.599591' WHERE token_id = 'vEtKLRWKnzOaacZq';
INSERT INTO Transactions_contains (txn_id, amount, status, token_id) VALUES ('1671218302.601092',28,True,'SPSmNkOUdzHkHstb');
INSERT INTO Buy_TXN (txn_id, user_id) VALUES ('1671218302.601092','latoy1671218302.599452');INSERT INTO Sell_TXN (txn_id, user_id) VALUES ('1671218302.601092',(SELECT user_id FROM NFT_owned where token_id = 'SPSmNkOUdzHkHstb'));
UPDATE NFT_owned SET user_id = 'latoy1671218302.599452' WHERE token_id = 'SPSmNkOUdzHkHstb';
INSERT INTO Transactions_contains (txn_id, amount, status, token_id) VALUES ('1671218302.601096',72,True,'YSZvgEMxIzvrYIak');
INSERT INTO Buy_TXN (txn_id, user_id) VALUES ('1671218302.601096','linwoo1671218302.599399');INSERT INTO Sell_TXN (txn_id, user_id) VALUES ('1671218302.601096',(SELECT user_id FROM NFT_owned where token_id = 'YSZvgEMxIzvrYIak'));
UPDATE NFT_owned SET user_id = 'linwoo1671218302.599399' WHERE token_id = 'YSZvgEMxIzvrYIak';
INSERT INTO Transactions_contains (txn_id, amount, status, token_id) VALUES ('1671218302.601115',49,True,'gmklgyfhcmcSJpKE');
INSERT INTO Buy_TXN (txn_id, user_id) VALUES ('1671218302.601115','soo1671218302.599375');INSERT INTO Sell_TXN (txn_id, user_id) VALUES ('1671218302.601115',(SELECT user_id FROM NFT_owned where token_id = 'gmklgyfhcmcSJpKE'));
UPDATE NFT_owned SET user_id = 'soo1671218302.599375' WHERE token_id = 'gmklgyfhcmcSJpKE';
INSERT INTO Transactions_contains (txn_id, amount, status, token_id) VALUES ('1671218302.601119',95,True,'fzkKjSsaROVzpqjF');
INSERT INTO Buy_TXN (txn_id, user_id) VALUES ('1671218302.601119','lione1671218302.599598');INSERT INTO Sell_TXN (txn_id, user_id) VALUES ('1671218302.601119',(SELECT user_id FROM NFT_owned where token_id = 'fzkKjSsaROVzpqjF'));
UPDATE NFT_owned SET user_id = 'lione1671218302.599598' WHERE token_id = 'fzkKjSsaROVzpqjF';
INSERT INTO Transactions_contains (txn_id, amount, status, token_id) VALUES ('1671218302.601123',43,True,'oCiaWOxtzUjZCwsx');
INSERT INTO Buy_TXN (txn_id, user_id) VALUES ('1671218302.601123','leeann1671218302.599459');INSERT INTO Sell_TXN (txn_id, user_id) VALUES ('1671218302.601123',(SELECT user_id FROM NFT_owned where token_id = 'oCiaWOxtzUjZCwsx'));
UPDATE NFT_owned SET user_id = 'leeann1671218302.599459' WHERE token_id = 'oCiaWOxtzUjZCwsx';
INSERT INTO Transactions_contains (txn_id, amount, status, token_id) VALUES ('1671218302.601127',61,True,'bedgHCBRTrGmzTUD');
INSERT INTO Buy_TXN (txn_id, user_id) VALUES ('1671218302.601127','belind1671218302.599577');INSERT INTO Sell_TXN (txn_id, user_id) VALUES ('1671218302.601127',(SELECT user_id FROM NFT_owned where token_id = 'bedgHCBRTrGmzTUD'));
UPDATE NFT_owned SET user_id = 'belind1671218302.599577' WHERE token_id = 'bedgHCBRTrGmzTUD';
INSERT INTO Transactions_contains (txn_id, amount, status, token_id) VALUES ('1671218302.60113',14,True,'yqcdEStuyAHcmkVc');
INSERT INTO Buy_TXN (txn_id, user_id) VALUES ('1671218302.60113','jolen1671218302.599414');INSERT INTO Sell_TXN (txn_id, user_id) VALUES ('1671218302.60113',(SELECT user_id FROM NFT_owned where token_id = 'yqcdEStuyAHcmkVc'));
UPDATE NFT_owned SET user_id = 'jolen1671218302.599414' WHERE token_id = 'yqcdEStuyAHcmkVc';
INSERT INTO Transactions_contains (txn_id, amount, status, token_id) VALUES ('1671218302.601134',40,True,'bdKwcgIGyTEFIAIX');
INSERT INTO Buy_TXN (txn_id, user_id) VALUES ('1671218302.601134','vick1671218302.599507');INSERT INTO Sell_TXN (txn_id, user_id) VALUES ('1671218302.601134',(SELECT user_id FROM NFT_owned where token_id = 'bdKwcgIGyTEFIAIX'));
UPDATE NFT_owned SET user_id = 'vick1671218302.599507' WHERE token_id = 'bdKwcgIGyTEFIAIX';
INSERT INTO Transactions_contains (txn_id, amount, status, token_id) VALUES ('1671218302.601138',73,True,'RkKVMBLEwXkrdIqo');
INSERT INTO Buy_TXN (txn_id, user_id) VALUES ('1671218302.601138','al1671218302.599391');INSERT INTO Sell_TXN (txn_id, user_id) VALUES ('1671218302.601138',(SELECT user_id FROM NFT_owned where token_id = 'RkKVMBLEwXkrdIqo'));
UPDATE NFT_owned SET user_id = 'al1671218302.599391' WHERE token_id = 'RkKVMBLEwXkrdIqo';
INSERT INTO Transactions_contains (txn_id, amount, status, token_id) VALUES ('1671218302.601141',73,True,'rPHiwnSVLvkwNIAK');
INSERT INTO Buy_TXN (txn_id, user_id) VALUES ('1671218302.601141','tond1671218302.599437');INSERT INTO Sell_TXN (txn_id, user_id) VALUES ('1671218302.601141',(SELECT user_id FROM NFT_owned where token_id = 'rPHiwnSVLvkwNIAK'));
UPDATE NFT_owned SET user_id = 'tond1671218302.599437' WHERE token_id = 'rPHiwnSVLvkwNIAK';
INSERT INTO Transactions_contains (txn_id, amount, status, token_id) VALUES ('1671218302.601145',61,True,'zAoiQFxsfYochyco');
INSERT INTO Buy_TXN (txn_id, user_id) VALUES ('1671218302.601145','rub1671218302.599493');INSERT INTO Sell_TXN (txn_id, user_id) VALUES ('1671218302.601145',(SELECT user_id FROM NFT_owned where token_id = 'zAoiQFxsfYochyco'));
UPDATE NFT_owned SET user_id = 'rub1671218302.599493' WHERE token_id = 'zAoiQFxsfYochyco';
INSERT INTO Transactions_contains (txn_id, amount, status, token_id) VALUES ('1671218302.601149',32,True,'bXMbyCiaoEZOYkAn');
INSERT INTO Buy_TXN (txn_id, user_id) VALUES ('1671218302.601149','lione1671218302.599598');INSERT INTO Sell_TXN (txn_id, user_id) VALUES ('1671218302.601149',(SELECT user_id FROM NFT_owned where token_id = 'bXMbyCiaoEZOYkAn'));
UPDATE NFT_owned SET user_id = 'lione1671218302.599598' WHERE token_id = 'bXMbyCiaoEZOYkAn';
INSERT INTO Transactions_contains (txn_id, amount, status, token_id) VALUES ('1671218302.601152',4,True,'yhRHLkFDVCRbXDME');
INSERT INTO Buy_TXN (txn_id, user_id) VALUES ('1671218302.601152','bra1671218302.599513');INSERT INTO Sell_TXN (txn_id, user_id) VALUES ('1671218302.601152',(SELECT user_id FROM NFT_owned where token_id = 'yhRHLkFDVCRbXDME'));
UPDATE NFT_owned SET user_id = 'bra1671218302.599513' WHERE token_id = 'yhRHLkFDVCRbXDME';
INSERT INTO Transactions_contains (txn_id, amount, status, token_id) VALUES ('1671218302.601156',55,True,'TVDzNPFVvphnzmGQ');
INSERT INTO Buy_TXN (txn_id, user_id) VALUES ('1671218302.601156','marti1671218302.599528');INSERT INTO Sell_TXN (txn_id, user_id) VALUES ('1671218302.601156',(SELECT user_id FROM NFT_owned where token_id = 'TVDzNPFVvphnzmGQ'));
UPDATE NFT_owned SET user_id = 'marti1671218302.599528' WHERE token_id = 'TVDzNPFVvphnzmGQ';
INSERT INTO Transactions_contains (txn_id, amount, status, token_id) VALUES ('1671218302.601159',10,True,'InnitsVwxQumhQDq');
INSERT INTO Buy_TXN (txn_id, user_id) VALUES ('1671218302.601159','wendi1671218302.59948');INSERT INTO Sell_TXN (txn_id, user_id) VALUES ('1671218302.601159',(SELECT user_id FROM NFT_owned where token_id = 'InnitsVwxQumhQDq'));
UPDATE NFT_owned SET user_id = 'wendi1671218302.59948' WHERE token_id = 'InnitsVwxQumhQDq';
INSERT INTO Transactions_contains (txn_id, amount, status, token_id) VALUES ('1671218302.601163',53,True,'FSVxDBkgIVGxyKLA');
INSERT INTO Buy_TXN (txn_id, user_id) VALUES ('1671218302.601163','suz1671218302.599591');INSERT INTO Sell_TXN (txn_id, user_id) VALUES ('1671218302.601163',(SELECT user_id FROM NFT_owned where token_id = 'FSVxDBkgIVGxyKLA'));
UPDATE NFT_owned SET user_id = 'suz1671218302.599591' WHERE token_id = 'FSVxDBkgIVGxyKLA';
INSERT INTO Transactions_contains (txn_id, amount, status, token_id) VALUES ('1671218302.601167',1,True,'ZjLDreROurDKIcJE');
INSERT INTO Buy_TXN (txn_id, user_id) VALUES ('1671218302.601167','suz1671218302.599591');INSERT INTO Sell_TXN (txn_id, user_id) VALUES ('1671218302.601167',(SELECT user_id FROM NFT_owned where token_id = 'ZjLDreROurDKIcJE'));
UPDATE NFT_owned SET user_id = 'suz1671218302.599591' WHERE token_id = 'ZjLDreROurDKIcJE';
INSERT INTO Transactions_contains (txn_id, amount, status, token_id) VALUES ('1671218302.601171',89,True,'NWziSsrhLMRdhIoA');
INSERT INTO Buy_TXN (txn_id, user_id) VALUES ('1671218302.601171','belind1671218302.599577');INSERT INTO Sell_TXN (txn_id, user_id) VALUES ('1671218302.601171',(SELECT user_id FROM NFT_owned where token_id = 'NWziSsrhLMRdhIoA'));
UPDATE NFT_owned SET user_id = 'belind1671218302.599577' WHERE token_id = 'NWziSsrhLMRdhIoA';
INSERT INTO Transactions_contains (txn_id, amount, status, token_id) VALUES ('1671218302.601175',87,True,'GrSuiVNkFAwZDhbL');
INSERT INTO Buy_TXN (txn_id, user_id) VALUES ('1671218302.601175','suz1671218302.599591');INSERT INTO Sell_TXN (txn_id, user_id) VALUES ('1671218302.601175',(SELECT user_id FROM NFT_owned where token_id = 'GrSuiVNkFAwZDhbL'));
UPDATE NFT_owned SET user_id = 'suz1671218302.599591' WHERE token_id = 'GrSuiVNkFAwZDhbL';
INSERT INTO Transactions_contains (txn_id, amount, status, token_id) VALUES ('1671218302.601178',49,True,'PlqeupYakHDQNJel');
INSERT INTO Buy_TXN (txn_id, user_id) VALUES ('1671218302.601178','mik1671218302.599486');INSERT INTO Sell_TXN (txn_id, user_id) VALUES ('1671218302.601178',(SELECT user_id FROM NFT_owned where token_id = 'PlqeupYakHDQNJel'));
UPDATE NFT_owned SET user_id = 'mik1671218302.599486' WHERE token_id = 'PlqeupYakHDQNJel';
INSERT INTO Transactions_contains (txn_id, amount, status, token_id) VALUES ('1671218302.601193',94,True,'AdKCFrlnGBVRciwJ');
INSERT INTO Buy_TXN (txn_id, user_id) VALUES ('1671218302.601193','rond1671218302.59943');INSERT INTO Sell_TXN (txn_id, user_id) VALUES ('1671218302.601193',(SELECT user_id FROM NFT_owned where token_id = 'AdKCFrlnGBVRciwJ'));
UPDATE NFT_owned SET user_id = 'rond1671218302.59943' WHERE token_id = 'AdKCFrlnGBVRciwJ';
INSERT INTO Transactions_contains (txn_id, amount, status, token_id) VALUES ('1671218302.601197',6,True,'XPOudDHKZezODATc');
INSERT INTO Buy_TXN (txn_id, user_id) VALUES ('1671218302.601197','belind1671218302.599577');INSERT INTO Sell_TXN (txn_id, user_id) VALUES ('1671218302.601197',(SELECT user_id FROM NFT_owned where token_id = 'XPOudDHKZezODATc'));
UPDATE NFT_owned SET user_id = 'belind1671218302.599577' WHERE token_id = 'XPOudDHKZezODATc';
INSERT INTO Transactions_contains (txn_id, amount, status, token_id) VALUES ('1671218302.601201',57,True,'gvxPyMdGDtHXsiiD');
INSERT INTO Buy_TXN (txn_id, user_id) VALUES ('1671218302.601201','claris1671218302.599323');INSERT INTO Sell_TXN (txn_id, user_id) VALUES ('1671218302.601201',(SELECT user_id FROM NFT_owned where token_id = 'gvxPyMdGDtHXsiiD'));
UPDATE NFT_owned SET user_id = 'claris1671218302.599323' WHERE token_id = 'gvxPyMdGDtHXsiiD';
INSERT INTO Transactions_contains (txn_id, amount, status, token_id) VALUES ('1671218302.601205',21,True,'qKjemRWxMlwTFuvx');
INSERT INTO Buy_TXN (txn_id, user_id) VALUES ('1671218302.601205','linwoo1671218302.599399');INSERT INTO Sell_TXN (txn_id, user_id) VALUES ('1671218302.601205',(SELECT user_id FROM NFT_owned where token_id = 'qKjemRWxMlwTFuvx'));
UPDATE NFT_owned SET user_id = 'linwoo1671218302.599399' WHERE token_id = 'qKjemRWxMlwTFuvx';
INSERT INTO Transactions_contains (txn_id, amount, status, token_id) VALUES ('1671218302.601208',48,True,'rRxRzoZnzinDGAVe');
INSERT INTO Buy_TXN (txn_id, user_id) VALUES ('1671218302.601208','tond1671218302.599437');INSERT INTO Sell_TXN (txn_id, user_id) VALUES ('1671218302.601208',(SELECT user_id FROM NFT_owned where token_id = 'rRxRzoZnzinDGAVe'));
UPDATE NFT_owned SET user_id = 'tond1671218302.599437' WHERE token_id = 'rRxRzoZnzinDGAVe';
INSERT INTO Transactions_contains (txn_id, amount, status, token_id) VALUES ('1671218302.601212',2,True,'JjyEbEIcfKwzjUlw');
INSERT INTO Buy_TXN (txn_id, user_id) VALUES ('1671218302.601212','belind1671218302.599577');INSERT INTO Sell_TXN (txn_id, user_id) VALUES ('1671218302.601212',(SELECT user_id FROM NFT_owned where token_id = 'JjyEbEIcfKwzjUlw'));
UPDATE NFT_owned SET user_id = 'belind1671218302.599577' WHERE token_id = 'JjyEbEIcfKwzjUlw';
INSERT INTO Transactions_contains (txn_id, amount, status, token_id) VALUES ('1671218302.601215',40,True,'orwrBoyZKDHFxfyt');
INSERT INTO Buy_TXN (txn_id, user_id) VALUES ('1671218302.601215','lione1671218302.599598');INSERT INTO Sell_TXN (txn_id, user_id) VALUES ('1671218302.601215',(SELECT user_id FROM NFT_owned where token_id = 'orwrBoyZKDHFxfyt'));
UPDATE NFT_owned SET user_id = 'lione1671218302.599598' WHERE token_id = 'orwrBoyZKDHFxfyt';
INSERT INTO Transactions_contains (txn_id, amount, status, token_id) VALUES ('1671218302.601219',4,True,'OljhHWVgMGuMFrnT');
INSERT INTO Buy_TXN (txn_id, user_id) VALUES ('1671218302.601219','leeann1671218302.599459');INSERT INTO Sell_TXN (txn_id, user_id) VALUES ('1671218302.601219',(SELECT user_id FROM NFT_owned where token_id = 'OljhHWVgMGuMFrnT'));
UPDATE NFT_owned SET user_id = 'leeann1671218302.599459' WHERE token_id = 'OljhHWVgMGuMFrnT';
INSERT INTO Transactions_contains (txn_id, amount, status, token_id) VALUES ('1671218302.601222',27,True,'KjKsHoKWVpMoWKzv');
INSERT INTO Buy_TXN (txn_id, user_id) VALUES ('1671218302.601222','lavonn1671218302.599612');INSERT INTO Sell_TXN (txn_id, user_id) VALUES ('1671218302.601222',(SELECT user_id FROM NFT_owned where token_id = 'KjKsHoKWVpMoWKzv'));
UPDATE NFT_owned SET user_id = 'lavonn1671218302.599612' WHERE token_id = 'KjKsHoKWVpMoWKzv';
INSERT INTO Transactions_contains (txn_id, amount, status, token_id) VALUES ('1671218302.601226',59,True,'PENJTWxrMJNngDiy');
INSERT INTO Buy_TXN (txn_id, user_id) VALUES ('1671218302.601226','claris1671218302.599323');INSERT INTO Sell_TXN (txn_id, user_id) VALUES ('1671218302.601226',(SELECT user_id FROM NFT_owned where token_id = 'PENJTWxrMJNngDiy'));
UPDATE NFT_owned SET user_id = 'claris1671218302.599323' WHERE token_id = 'PENJTWxrMJNngDiy';
INSERT INTO Transactions_contains (txn_id, amount, status, token_id) VALUES ('1671218302.601229',55,True,'tIHpPrcqkpGgVOtQ');
INSERT INTO Buy_TXN (txn_id, user_id) VALUES ('1671218302.601229','bra1671218302.599513');INSERT INTO Sell_TXN (txn_id, user_id) VALUES ('1671218302.601229',(SELECT user_id FROM NFT_owned where token_id = 'tIHpPrcqkpGgVOtQ'));
UPDATE NFT_owned SET user_id = 'bra1671218302.599513' WHERE token_id = 'tIHpPrcqkpGgVOtQ';
INSERT INTO Transactions_contains (txn_id, amount, status, token_id) VALUES ('1671218302.601233',82,True,'kgUAjYYrrEPpzGlF');
INSERT INTO Buy_TXN (txn_id, user_id) VALUES ('1671218302.601233','claris1671218302.599323');INSERT INTO Sell_TXN (txn_id, user_id) VALUES ('1671218302.601233',(SELECT user_id FROM NFT_owned where token_id = 'kgUAjYYrrEPpzGlF'));
UPDATE NFT_owned SET user_id = 'claris1671218302.599323' WHERE token_id = 'kgUAjYYrrEPpzGlF';
INSERT INTO Transactions_contains (txn_id, amount, status, token_id) VALUES ('1671218302.601236',83,True,'ktodEtVOALWkJYlj');
INSERT INTO Buy_TXN (txn_id, user_id) VALUES ('1671218302.601236','al1671218302.599391');INSERT INTO Sell_TXN (txn_id, user_id) VALUES ('1671218302.601236',(SELECT user_id FROM NFT_owned where token_id = 'ktodEtVOALWkJYlj'));
UPDATE NFT_owned SET user_id = 'al1671218302.599391' WHERE token_id = 'ktodEtVOALWkJYlj';

